  ,activity,amount,timestamp,device,location,frequency,failed_attempts,previous_behavior,risk_label
user_2824,Login,0,05-02-2025 18:15,POS-Terminal,"Los Angeles, US",4,0,Multiple device switches,Not Fraud
user_1488,Money Transfer,4411.83,20-02-2025 14:01,POS-Terminal,"Beijing, CN",2,0,Recently flagged - suspicious history,Not Fraud
user_3615,Add Beneficiary,0,15-07-2025 11:09,Desktop-Windows,"Los Angeles, US",2,0,Dormant account - reactivated,Not Fraud
user_5333,Login,0,25-08-2025 18:34,Desktop-Mac,"Los Angeles, US",1,0,Dormant account - reactivated,Not Fraud
user_4150,Money Transfer,964.2,07-08-2025 10:18,Mobile-iOS,"Singapore, SG",2,0,Dormant account - reactivated,Not Fraud
user_7065,Password Change,0,28-08-2025 09:17,POS-Terminal,"Moscow, RU",3,0,Frequent user - daily activity,Not Fraud
user_8573,Add Beneficiary,0,26-06-2025 10:59,Tablet,"London, UK",2,1,Regular user - consistent pattern,Not Fraud
user_6168,Add Beneficiary,0,26-05-2025 10:13,POS-Terminal,"Toronto, CA",3,0,Consistent single-device user,Not Fraud
user_5339,Bill Payment,743.65,30-05-2025 15:16,Desktop-Mac,"Singapore, SG",2,0,Occasional user - sporadic activity,Not Fraud
user_9085,Money Transfer,15127.85,10-02-2025 20:09,ATM,"Beijing, CN",3,0,Consistent single-device user,Not Fraud
user_5119,Wallet Top-up,2583.04,24-06-2025 00:46,Tablet,"Sao Paulo, BR",4,0,Recently flagged - suspicious history,Not Fraud
user_1053,ATM Withdrawal,486.23,28-01-2025 18:32,ATM,"Moscow, RU",5,0,Frequent user - daily activity,Not Fraud
user_7126,Bill Payment,1620.44,01-01-2025 18:33,Tablet,"Toronto, CA",1,3,Recently flagged - suspicious history,Not Fraud
user_2290,Money Transfer,14651.56,16-07-2025 19:48,Mobile-iOS,"Chicago, US",2,0,Recently flagged - suspicious history,Fraud
user_7932,Online Purchase,2787.1,02-07-2025 18:44,Desktop-Windows,"Delhi, IN",3,0,Consistent single-device user,Not Fraud
user_5061,Online Purchase,196.76,31-05-2025 00:35,Mobile-iOS,"New York, US",4,0,New user - no history,Not Fraud
user_6413,Money Transfer,10307.41,19-05-2025 10:31,Mobile-iOS,"Sao Paulo, BR",6,0,Frequent user - daily activity,Not Fraud
user_7669,Online Purchase,287.51,16-04-2025 16:22,Desktop-Mac,"Dubai, AE",1,1,New user - no history,Not Fraud
user_7596,Password Change,0,19-02-2025 19:06,Mobile-iOS,"Sydney, AU",1,0,Consistent single-device user,Not Fraud
user_2235,Card Swipe,405.93,16-06-2025 20:06,Tablet,"Dubai, AE",8,3,Frequent user - daily activity,Not Fraud
user_8886,Online Purchase,2594.63,01-01-2025 21:10,Desktop-Mac,"London, UK",4,0,Multiple device switches,Not Fraud
user_8973,Bill Payment,573.74,08-07-2025 09:03,Tablet,"Los Angeles, US",2,0,Consistent single-device user,Not Fraud
user_3579,Login,0,17-02-2025 22:05,Mobile-Android,"Moscow, RU",3,0,New user - no history,Not Fraud
user_5033,Loan Application,11910.66,30-05-2025 16:26,Tablet,"Sydney, AU",7,0,Dormant account - reactivated,Fraud
user_3144,ATM Withdrawal,234.04,03-01-2025 21:59,Desktop-Mac,"Moscow, RU",3,0,Frequent user - daily activity,Not Fraud
user_5345,Bill Payment,2800.11,05-04-2025 20:56,Desktop-Windows,"Chicago, US",5,1,Regular user - consistent pattern,Not Fraud
user_5905,Money Transfer,18781.65,28-01-2025 08:07,POS-Terminal,"Lagos, NG",1,0,Dormant account - reactivated,Fraud
user_5325,Wallet Top-up,1468.15,24-01-2025 21:54,POS-Terminal,"Delhi, IN",1,0,Occasional user - sporadic activity,Not Fraud
user_3647,Card Swipe,280.32,20-01-2025 12:00,POS-Terminal,"Singapore, SG",2,2,Occasional user - sporadic activity,Not Fraud
user_3088,Login,0,23-07-2025 11:57,ATM,"New York, US",2,1,New user - no history,Not Fraud
user_7658,Loan Application,15002.08,11-02-2025 21:15,ATM,"Berlin, DE",6,0,Dormant account - reactivated,Fraud
user_5065,ATM Withdrawal,88.01,10-01-2025 17:24,ATM,"Bangalore, IN",1,3,Dormant account - reactivated,Not Fraud
user_4728,Online Purchase,75.87,10-08-2025 09:21,Mobile-Android,"Kolkata, IN",1,0,Multiple device switches,Not Fraud
user_6425,Login,0,29-05-2025 07:16,Desktop-Windows,"New York, US",3,0,Dormant account - reactivated,Not Fraud
user_9379,Money Transfer,7734.65,01-07-2025 15:16,Desktop-Mac,"New York, US",7,0,Frequent user - daily activity,Not Fraud
user_8066,Money Transfer,18980.05,19-06-2025 21:39,ATM,"Chicago, US",6,0,Multiple device switches,Fraud
user_7592,ATM Withdrawal,281.66,23-06-2025 09:42,POS-Terminal,"Singapore, SG",3,0,Regular user - consistent pattern,Not Fraud
user_5700,Online Purchase,1292.52,30-04-2025 15:41,Desktop-Mac,"Bangalore, IN",1,0,Occasional user - sporadic activity,Not Fraud
user_5649,Wallet Top-up,1993.24,12-07-2025 16:05,Mobile-iOS,"Beijing, CN",1,0,Regular user - consistent pattern,Not Fraud
user_5011,Card Swipe,309.52,15-08-2025 18:29,POS-Terminal,"Lagos, NG",4,0,Multiple device switches,Not Fraud
user_3417,Login,0,15-08-2025 20:55,Mobile-Android,"Berlin, DE",1,2,Consistent single-device user,Not Fraud
user_2988,Card Swipe,75.34,02-06-2025 13:33,Desktop-Windows,"Kolkata, IN",6,0,Multiple device switches,Not Fraud
user_8305,Bill Payment,2232.25,05-03-2025 13:16,ATM,"Moscow, RU",4,0,Frequent user - daily activity,Not Fraud
user_8206,Money Transfer,14285.22,17-08-2025 10:21,Tablet,"Los Angeles, US",1,0,Occasional user - sporadic activity,Not Fraud
user_7797,Add Beneficiary,0,16-01-2025 11:29,Mobile-iOS,"Dubai, AE",2,1,Regular user - consistent pattern,Not Fraud
user_7232,Card Swipe,12.89,07-08-2025 11:48,ATM,"Delhi, IN",4,0,Frequent user - daily activity,Not Fraud
user_4595,ATM Withdrawal,223.56,23-06-2025 01:21,ATM,"Delhi, IN",1,0,Occasional user - sporadic activity,Not Fraud
user_9751,Login,0,19-06-2025 21:37,Mobile-Android,"Los Angeles, US",2,2,Occasional user - sporadic activity,Not Fraud
user_6363,Online Purchase,1366.82,13-03-2025 11:56,ATM,"Kolkata, IN",2,2,Consistent single-device user,Not Fraud
user_9837,Login,0,16-06-2025 23:22,Mobile-Android,"Berlin, DE",3,1,Frequent user - daily activity,Not Fraud
user_3496,Online Purchase,383.03,30-04-2025 17:36,POS-Terminal,"London, UK",2,0,New user - no history,Not Fraud
user_6096,Money Transfer,11594.76,21-08-2025 21:36,Desktop-Mac,"Delhi, IN",4,0,Frequent user - daily activity,Not Fraud
user_5941,Loan Application,16120.28,11-01-2025 19:36,Desktop-Windows,"Sydney, AU",3,0,Dormant account - reactivated,Not Fraud
user_7882,Card Swipe,61.71,01-08-2025 22:40,Desktop-Mac,"Sao Paulo, BR",2,1,Recently flagged - suspicious history,Not Fraud
user_9817,Card Swipe,237.79,24-03-2025 19:37,ATM,"London, UK",7,0,Consistent single-device user,Not Fraud
user_8613,Loan Application,12226.12,06-08-2025 12:01,Desktop-Windows,"Houston, US",1,1,Dormant account - reactivated,Not Fraud
user_5526,Wallet Top-up,35.4,04-07-2025 22:05,Desktop-Mac,"Sydney, AU",4,1,Consistent single-device user,Not Fraud
user_1282,Money Transfer,5920,19-06-2025 12:15,Tablet,"Mumbai, IN",3,0,Dormant account - reactivated,Not Fraud
user_5438,ATM Withdrawal,133.19,31-01-2025 08:12,POS-Terminal,"Sydney, AU",4,0,Frequent user - daily activity,Not Fraud
user_5530,Loan Application,19533.31,02-08-2025 14:18,Mobile-iOS,"Toronto, CA",2,0,Occasional user - sporadic activity,Not Fraud
user_1745,Login,0,13-06-2025 15:44,ATM,"Sao Paulo, BR",1,0,Recently flagged - suspicious history,Not Fraud
user_8843,Card Swipe,176.95,03-05-2025 22:16,Mobile-Android,"Dubai, AE",2,0,Regular user - consistent pattern,Not Fraud
user_5978,Money Transfer,19878.67,05-06-2025 07:48,Tablet,"Berlin, DE",1,0,Consistent single-device user,Not Fraud
user_8025,ATM Withdrawal,288.63,15-07-2025 04:47,Mobile-iOS,"Moscow, RU",1,0,Frequent user - daily activity,Not Fraud
user_2229,Bill Payment,13.01,16-03-2025 13:38,Mobile-Android,"London, UK",4,1,Consistent single-device user,Not Fraud
user_5334,Loan Application,13240.6,20-05-2025 21:27,Mobile-iOS,"Moscow, RU",6,2,New user - no history,Fraud
user_3718,ATM Withdrawal,301.57,23-04-2025 19:58,Mobile-Android,"Bangalore, IN",2,0,Recently flagged - suspicious history,Not Fraud
user_8172,Money Transfer,11980.83,04-06-2025 20:47,Desktop-Windows,"New York, US",1,1,Regular user - consistent pattern,Not Fraud
user_1659,Bill Payment,1414.15,16-02-2025 16:58,Tablet,"Bangalore, IN",5,4,Consistent single-device user,Not Fraud
user_6260,Money Transfer,17161.78,15-03-2025 11:44,POS-Terminal,Tor Exit Node,5,0,Consistent single-device user,Not Fraud
user_6153,ATM Withdrawal,168.4,12-05-2025 23:25,ATM,"Kolkata, IN",3,0,Multiple device switches,Not Fraud
user_4073,Wallet Top-up,1088.53,14-07-2025 18:40,Mobile-Android,"Houston, US",2,3,Consistent single-device user,Not Fraud
user_2989,Login,0,03-03-2025 23:38,POS-Terminal,"Chicago, US",3,0,New user - no history,Not Fraud
user_2858,Card Swipe,474.06,27-08-2025 16:09,POS-Terminal,"Toronto, CA",4,0,Consistent single-device user,Not Fraud
user_4993,Card Swipe,280.12,11-05-2025 12:58,POS-Terminal,"Singapore, SG",5,0,Multiple device switches,Not Fraud
user_9318,ATM Withdrawal,412.07,31-05-2025 10:19,Tablet,"Kolkata, IN",2,0,Consistent single-device user,Not Fraud
user_9903,Add Beneficiary,0,18-02-2025 13:20,POS-Terminal,"London, UK",2,2,Multiple device switches,Not Fraud
user_6213,Card Swipe,355.56,22-07-2025 19:24,ATM,"Beijing, CN",1,4,Occasional user - sporadic activity,Not Fraud
user_6439,Money Transfer,17490.1,27-04-2025 13:33,Mobile-Android,"Sao Paulo, BR",2,1,Occasional user - sporadic activity,Not Fraud
user_6546,Loan Application,13869.46,07-08-2025 16:54,POS-Terminal,"Dubai, AE",2,0,Consistent single-device user,Not Fraud
user_1588,Loan Application,1414.99,28-02-2025 16:58,POS-Terminal,"Los Angeles, US",9,1,New user - no history,Not Fraud
user_3725,ATM Withdrawal,452.68,17-03-2025 02:50,Desktop-Windows,"Mumbai, IN",1,0,Occasional user - sporadic activity,Not Fraud
user_3868,Money Transfer,12209.36,08-05-2025 12:43,Tablet,"Chicago, US",2,0,Recently flagged - suspicious history,Not Fraud
user_5712,Wallet Top-up,478.14,18-03-2025 13:22,POS-Terminal,"Kolkata, IN",3,0,Recently flagged - suspicious history,Not Fraud
user_7302,Card Swipe,62.26,17-03-2025 12:22,POS-Terminal,"Toronto, CA",9,1,Recently flagged - suspicious history,Not Fraud
user_1803,Loan Application,14916.18,18-07-2025 19:57,ATM,"London, UK",5,0,Frequent user - daily activity,Not Fraud
user_5106,Bill Payment,1886.6,21-03-2025 21:41,ATM,"Bangalore, IN",3,1,New user - no history,Not Fraud
user_6352,Add Beneficiary,0,19-05-2025 09:08,Desktop-Windows,"Sydney, AU",6,2,Recently flagged - suspicious history,Not Fraud
user_5835,Password Change,0,06-02-2025 19:29,ATM,"Kolkata, IN",5,1,Multiple device switches,Not Fraud
user_6992,Money Transfer,15824.11,27-04-2025 00:34,Desktop-Windows,"Beijing, CN",3,0,Dormant account - reactivated,Not Fraud
user_4830,Card Swipe,22.26,23-08-2025 20:35,Tablet,"London, UK",1,2,Recently flagged - suspicious history,Not Fraud
user_3290,Login,0,30-01-2025 22:19,Mobile-Android,"London, UK",2,0,Dormant account - reactivated,Not Fraud
user_7866,Loan Application,14858.27,26-01-2025 08:26,ATM,"Sydney, AU",2,4,Regular user - consistent pattern,Fraud
user_4559,Card Swipe,227.9,25-06-2025 10:23,Desktop-Windows,"Lagos, NG",9,0,Multiple device switches,Fraud
user_4109,Money Transfer,18982.77,24-02-2025 19:05,POS-Terminal,"Moscow, RU",9,0,Dormant account - reactivated,Fraud
user_3063,Loan Application,4143.85,31-05-2025 19:35,Mobile-iOS,"Dubai, AE",1,1,Regular user - consistent pattern,Not Fraud
user_3370,Bill Payment,1622.95,10-08-2025 19:07,Mobile-Android,"Chicago, US",2,1,Dormant account - reactivated,Not Fraud
user_1858,Bill Payment,2226.45,02-05-2025 14:47,Desktop-Mac,"Berlin, DE",2,0,Frequent user - daily activity,Not Fraud
user_1710,Wallet Top-up,908.38,03-05-2025 16:01,ATM,"Delhi, IN",3,0,Consistent single-device user,Not Fraud
user_2323,Password Change,0,12-03-2025 16:04,Tablet,"Moscow, RU",2,0,Recently flagged - suspicious history,Fraud
user_8048,Money Transfer,15872.27,13-08-2025 07:41,ATM,"Lagos, NG",5,0,Frequent user - daily activity,Fraud
user_6553,Card Swipe,205.38,22-03-2025 18:20,POS-Terminal,"London, UK",8,1,Consistent single-device user,Not Fraud
user_2494,Money Transfer,1909.94,27-07-2025 07:47,Mobile-iOS,"Lagos, NG",3,0,Dormant account - reactivated,Not Fraud
user_7730,Password Change,0,11-08-2025 20:48,POS-Terminal,"New York, US",1,0,New user - no history,Not Fraud
user_9313,Online Purchase,468.42,31-03-2025 13:54,ATM,"Lagos, NG",1,0,Frequent user - daily activity,Not Fraud
user_1430,Loan Application,18585.23,16-02-2025 19:17,Desktop-Windows,"Beijing, CN",2,0,Regular user - consistent pattern,Not Fraud
user_3347,Loan Application,13164.03,08-01-2025 05:47,Mobile-Android,"Sao Paulo, BR",1,0,Dormant account - reactivated,Not Fraud
user_6314,Loan Application,11944.66,13-07-2025 20:09,Tablet,"New York, US",1,0,Multiple device switches,Fraud
user_7785,ATM Withdrawal,115.63,29-01-2025 14:22,Desktop-Windows,"Beijing, CN",3,0,Recently flagged - suspicious history,Not Fraud
user_4612,Add Beneficiary,0,22-02-2025 23:03,Desktop-Windows,Tor Exit Node,4,1,Recently flagged - suspicious history,Fraud
user_2965,Login,0,03-02-2025 14:27,Desktop-Mac,"Sydney, AU",1,0,Dormant account - reactivated,Not Fraud
user_7505,Login,0,20-01-2025 13:29,ATM,"Toronto, CA",2,0,Multiple device switches,Not Fraud
user_2887,Add Beneficiary,0,25-07-2025 00:20,Tablet,"Bangalore, IN",3,0,Multiple device switches,Not Fraud
user_8138,Loan Application,8038.97,10-07-2025 06:55,Desktop-Windows,"London, UK",4,0,New user - no history,Not Fraud
user_9355,Online Purchase,2718.24,15-06-2025 11:46,ATM,"Chicago, US",1,0,Occasional user - sporadic activity,Not Fraud
user_3504,Money Transfer,3584.07,13-07-2025 18:31,Tablet,"Berlin, DE",2,3,Dormant account - reactivated,Not Fraud
user_3473,Card Swipe,43.46,12-03-2025 13:19,Tablet,"Los Angeles, US",2,0,Consistent single-device user,Not Fraud
user_5703,Money Transfer,12911.1,02-06-2025 23:05,Tablet,"Delhi, IN",3,4,Regular user - consistent pattern,Fraud
user_4084,Password Change,0,16-01-2025 15:32,Desktop-Mac,"Los Angeles, US",6,0,New user - no history,Not Fraud
user_3827,Login,0,15-05-2025 10:28,Tablet,"Moscow, RU",2,3,Multiple device switches,Fraud
user_1857,Password Change,0,23-06-2025 05:06,Desktop-Mac,"Toronto, CA",4,1,Occasional user - sporadic activity,Not Fraud
user_2335,Loan Application,13289.06,28-06-2025 21:19,POS-Terminal,"Delhi, IN",3,3,Recently flagged - suspicious history,Fraud
user_7171,Password Change,0,01-08-2025 19:42,POS-Terminal,"Kolkata, IN",6,0,Multiple device switches,Not Fraud
user_6928,Login,0,29-03-2025 12:11,ATM,"Bangalore, IN",1,0,New user - no history,Not Fraud
user_2657,Wallet Top-up,2313.77,10-01-2025 19:56,POS-Terminal,"Mumbai, IN",4,0,Multiple device switches,Not Fraud
user_3658,Bill Payment,2494.88,12-02-2025 18:51,POS-Terminal,"Bangalore, IN",2,1,Frequent user - daily activity,Not Fraud
user_5668,Card Swipe,124.66,01-05-2025 10:51,ATM,"Houston, US",3,0,Consistent single-device user,Not Fraud
user_5616,Add Beneficiary,0,29-07-2025 14:26,Mobile-iOS,"Berlin, DE",1,0,Consistent single-device user,Not Fraud
user_2680,Wallet Top-up,2554.24,11-03-2025 10:48,Desktop-Mac,"Singapore, SG",1,0,Frequent user - daily activity,Not Fraud
user_6727,Login,0,06-04-2025 12:25,Mobile-iOS,"Delhi, IN",1,0,Dormant account - reactivated,Not Fraud
user_6493,Bill Payment,417.11,28-06-2025 10:53,ATM,"Chicago, US",4,0,Regular user - consistent pattern,Not Fraud
user_1311,ATM Withdrawal,115.67,16-05-2025 08:46,Desktop-Mac,"Chicago, US",1,0,Regular user - consistent pattern,Not Fraud
user_7878,Loan Application,9169.42,02-06-2025 07:57,Tablet,"New York, US",2,0,Occasional user - sporadic activity,Not Fraud
user_6780,Online Purchase,1714.14,15-05-2025 09:42,Desktop-Windows,"Los Angeles, US",2,0,Regular user - consistent pattern,Not Fraud
user_8702,Login,0,11-07-2025 16:23,Mobile-Android,"Mumbai, IN",1,0,New user - no history,Not Fraud
user_3185,Login,0,14-06-2025 11:21,Mobile-iOS,"Dubai, AE",3,5,Consistent single-device user,Not Fraud
user_3209,Money Transfer,14335.1,21-02-2025 22:02,Mobile-Android,"Berlin, DE",6,0,Recently flagged - suspicious history,Fraud
user_8756,ATM Withdrawal,27.94,09-08-2025 16:18,ATM,"New York, US",3,0,Dormant account - reactivated,Not Fraud
user_7553,Card Swipe,448.37,27-06-2025 12:11,Desktop-Mac,"Mumbai, IN",4,0,New user - no history,Not Fraud
user_2293,Add Beneficiary,0,20-05-2025 15:52,Desktop-Windows,"Toronto, CA",1,1,Recently flagged - suspicious history,Not Fraud
user_7981,Bill Payment,2070.85,11-08-2025 11:02,Desktop-Windows,"Moscow, RU",2,0,Regular user - consistent pattern,Not Fraud
user_7655,Password Change,0,10-02-2025 14:47,Mobile-Android,"Chicago, US",3,1,Regular user - consistent pattern,Not Fraud
user_7001,Password Change,0,04-06-2025 12:36,Mobile-iOS,"Beijing, CN",7,0,New user - no history,Not Fraud
user_3255,Wallet Top-up,1104.02,30-01-2025 11:17,Mobile-Android,"Sao Paulo, BR",2,0,New user - no history,Not Fraud
user_8311,Online Purchase,2989.11,21-02-2025 10:58,Mobile-Android,"Chicago, US",1,0,Consistent single-device user,Not Fraud
user_6692,Money Transfer,11022.44,10-02-2025 11:19,POS-Terminal,"Sao Paulo, BR",4,0,Dormant account - reactivated,Not Fraud
user_4673,Money Transfer,19703.39,07-05-2025 19:15,Mobile-Android,"Mumbai, IN",3,0,Occasional user - sporadic activity,Not Fraud
user_2077,ATM Withdrawal,205.1,16-04-2025 17:30,ATM,"Delhi, IN",3,0,Dormant account - reactivated,Not Fraud
user_8372,Card Swipe,343.25,19-07-2025 11:56,Tablet,"Moscow, RU",1,4,Multiple device switches,Fraud
user_3034,Wallet Top-up,463.28,01-07-2025 08:20,Mobile-iOS,"Mumbai, IN",7,2,New user - no history,Not Fraud
user_4216,Wallet Top-up,826.98,24-01-2025 16:39,Tablet,"Moscow, RU",3,0,Occasional user - sporadic activity,Not Fraud
user_6531,Loan Application,871.83,14-06-2025 20:05,ATM,"Lagos, NG",3,1,Multiple device switches,Fraud
user_1496,Card Swipe,445.61,04-05-2025 14:41,Mobile-iOS,"Berlin, DE",3,0,New user - no history,Not Fraud
user_3589,Card Swipe,213.65,06-02-2025 13:21,Desktop-Windows,"Dubai, AE",2,5,Dormant account - reactivated,Not Fraud
user_3142,Password Change,0,03-03-2025 14:06,Desktop-Mac,"Chicago, US",2,0,Regular user - consistent pattern,Not Fraud
user_7293,Loan Application,8391.79,28-07-2025 22:57,Desktop-Windows,Unknown Location,4,0,Occasional user - sporadic activity,Not Fraud
user_9433,Card Swipe,254.39,11-04-2025 11:01,Tablet,"Bangalore, IN",1,0,Regular user - consistent pattern,Not Fraud
user_8710,ATM Withdrawal,272.98,14-08-2025 19:27,Desktop-Windows,"Sao Paulo, BR",4,0,Multiple device switches,Not Fraud
user_4189,Password Change,0,10-05-2025 15:04,Desktop-Mac,"Berlin, DE",1,5,New user - no history,Not Fraud
user_2584,Add Beneficiary,0,29-08-2025 12:21,Desktop-Windows,"Sao Paulo, BR",1,0,Regular user - consistent pattern,Not Fraud
user_1637,Bill Payment,2142.21,08-02-2025 19:33,Tablet,"Singapore, SG",1,3,Dormant account - reactivated,Not Fraud
user_5902,Loan Application,6760.65,01-07-2025 19:34,Tablet,"Toronto, CA",5,0,New user - no history,Not Fraud
user_6040,Login,0,20-07-2025 15:16,ATM,"Lagos, NG",1,0,Consistent single-device user,Not Fraud
user_9589,Loan Application,15503.39,04-03-2025 12:52,Mobile-Android,"Lagos, NG",4,0,Consistent single-device user,Fraud
user_7765,Online Purchase,1234.08,12-08-2025 18:58,ATM,"Sao Paulo, BR",1,0,Frequent user - daily activity,Not Fraud
user_6325,Card Swipe,267.48,22-08-2025 11:11,Tablet,"Mumbai, IN",2,1,Recently flagged - suspicious history,Not Fraud
user_5038,ATM Withdrawal,283.46,15-03-2025 10:19,POS-Terminal,"Houston, US",4,0,Dormant account - reactivated,Not Fraud
user_5480,ATM Withdrawal,69.72,12-04-2025 17:24,ATM,"Mumbai, IN",4,0,Regular user - consistent pattern,Not Fraud
user_2294,Password Change,0,11-07-2025 21:41,Desktop-Mac,"Houston, US",5,0,Recently flagged - suspicious history,Not Fraud
user_2789,Loan Application,14830.77,20-08-2025 10:03,Tablet,"London, UK",1,0,Dormant account - reactivated,Not Fraud
user_3252,Login,0,15-04-2025 22:59,POS-Terminal,Unknown Location,6,0,Frequent user - daily activity,Not Fraud
user_6262,ATM Withdrawal,326.49,27-05-2025 21:05,Mobile-iOS,"Sydney, AU",4,3,Occasional user - sporadic activity,Not Fraud
user_3880,Login,0,07-05-2025 23:25,Mobile-iOS,Tor Exit Node,8,3,Regular user - consistent pattern,Fraud
user_5888,Loan Application,12075.52,27-04-2025 21:21,POS-Terminal,"Lagos, NG",2,3,Consistent single-device user,Fraud
user_4159,Money Transfer,6647.15,03-07-2025 18:41,Mobile-iOS,"New York, US",2,0,Frequent user - daily activity,Not Fraud
user_7643,Add Beneficiary,0,21-06-2025 14:05,Mobile-Android,"Houston, US",1,0,Frequent user - daily activity,Not Fraud
user_4858,Card Swipe,379.34,05-07-2025 22:19,Tablet,"New York, US",3,1,Regular user - consistent pattern,Not Fraud
user_6026,Bill Payment,1219.22,30-06-2025 14:57,ATM,"Toronto, CA",1,3,Recently flagged - suspicious history,Not Fraud
user_4618,Online Purchase,2872.29,05-06-2025 13:29,Desktop-Windows,"Delhi, IN",2,0,Frequent user - daily activity,Not Fraud
user_2341,Wallet Top-up,1343.01,25-05-2025 17:04,Mobile-Android,"Los Angeles, US",2,0,Occasional user - sporadic activity,Not Fraud
user_8239,Money Transfer,13621.89,19-08-2025 17:31,Tablet,"Bangalore, IN",1,0,Multiple device switches,Not Fraud
user_8575,ATM Withdrawal,364.41,10-07-2025 12:52,Mobile-iOS,"Lagos, NG",1,0,New user - no history,Not Fraud
user_1987,Money Transfer,19723.44,16-02-2025 13:18,ATM,"Chicago, US",3,1,Multiple device switches,Not Fraud
user_7266,Card Swipe,436.11,24-06-2025 21:24,POS-Terminal,"Singapore, SG",1,2,New user - no history,Not Fraud
user_9802,Add Beneficiary,0,02-08-2025 14:46,Mobile-Android,"Sao Paulo, BR",9,0,Multiple device switches,Not Fraud
user_5055,Card Swipe,179.62,05-07-2025 10:59,ATM,"Chicago, US",5,0,Regular user - consistent pattern,Not Fraud
user_4376,Money Transfer,2062.89,30-06-2025 01:38,ATM,"New York, US",4,0,Frequent user - daily activity,Not Fraud
user_4559,Login,0,28-07-2025 08:18,POS-Terminal,"Lagos, NG",3,1,Dormant account - reactivated,Not Fraud
user_5944,Bill Payment,2957.16,12-03-2025 14:26,Mobile-Android,"Lagos, NG",3,1,Occasional user - sporadic activity,Not Fraud
user_9120,Login,0,08-04-2025 23:41,ATM,"Sydney, AU",3,0,Recently flagged - suspicious history,Not Fraud
user_4012,Wallet Top-up,1423.19,01-07-2025 20:19,Mobile-iOS,"Berlin, DE",6,0,Multiple device switches,Not Fraud
user_9683,Bill Payment,1168.32,21-01-2025 10:21,Desktop-Mac,"Dubai, AE",1,1,Frequent user - daily activity,Not Fraud
user_5398,Add Beneficiary,0,12-08-2025 17:38,Mobile-Android,"Houston, US",4,1,Frequent user - daily activity,Not Fraud
user_5967,Login,0,31-01-2025 09:12,POS-Terminal,"Kolkata, IN",2,0,Frequent user - daily activity,Not Fraud
user_4921,Wallet Top-up,968.24,16-06-2025 10:29,Desktop-Windows,"Toronto, CA",2,2,Consistent single-device user,Not Fraud
user_8692,Password Change,0,16-04-2025 21:23,Mobile-Android,"Lagos, NG",1,0,Recently flagged - suspicious history,Fraud
user_7841,ATM Withdrawal,84.68,02-08-2025 11:24,Mobile-iOS,"Sydney, AU",3,1,Recently flagged - suspicious history,Not Fraud
user_9037,Card Swipe,92.43,04-07-2025 19:10,Tablet,"Sydney, AU",6,0,Regular user - consistent pattern,Not Fraud
user_1794,Login,0,01-03-2025 12:53,Mobile-Android,"Sao Paulo, BR",1,0,Dormant account - reactivated,Not Fraud
user_8916,Card Swipe,17.71,05-01-2025 14:26,Tablet,"Sao Paulo, BR",2,0,Multiple device switches,Not Fraud
user_2753,Money Transfer,10511.49,06-03-2025 10:39,ATM,"Mumbai, IN",4,0,Multiple device switches,Not Fraud
user_4984,Online Purchase,903.42,08-08-2025 19:05,POS-Terminal,"Berlin, DE",1,0,Consistent single-device user,Not Fraud
user_1154,Bill Payment,252.64,26-03-2025 19:41,Tablet,"Kolkata, IN",9,2,Regular user - consistent pattern,Not Fraud
user_8790,ATM Withdrawal,32.82,19-08-2025 06:59,Tablet,"Lagos, NG",1,3,Dormant account - reactivated,Fraud
user_3362,Add Beneficiary,0,25-05-2025 21:19,Mobile-iOS,"Lagos, NG",5,1,Dormant account - reactivated,Fraud
user_3292,Money Transfer,10040.82,22-04-2025 23:03,Mobile-iOS,"Dubai, AE",2,1,Multiple device switches,Fraud
user_1485,ATM Withdrawal,393.94,22-05-2025 13:14,Desktop-Mac,"Delhi, IN",3,1,New user - no history,Not Fraud
user_5839,Online Purchase,2140.76,02-07-2025 06:09,ATM,"Moscow, RU",4,0,New user - no history,Not Fraud
user_1085,ATM Withdrawal,227.92,23-01-2025 18:06,Mobile-iOS,"Delhi, IN",3,0,New user - no history,Not Fraud
user_2468,Password Change,0,20-07-2025 15:38,Desktop-Windows,"Dubai, AE",1,0,New user - no history,Not Fraud
user_4977,Loan Application,10446.04,10-03-2025 17:10,Desktop-Windows,"London, UK",1,0,Recently flagged - suspicious history,Fraud
user_5911,Card Swipe,393.51,10-06-2025 12:15,Desktop-Mac,"Lagos, NG",1,0,Recently flagged - suspicious history,Not Fraud
user_7483,Password Change,0,09-08-2025 19:24,Desktop-Windows,"Bangalore, IN",2,2,Occasional user - sporadic activity,Not Fraud
user_6253,Loan Application,18948.21,12-04-2025 09:20,Desktop-Windows,"Toronto, CA",3,0,Frequent user - daily activity,Not Fraud
user_7161,ATM Withdrawal,410.08,25-05-2025 12:07,Mobile-iOS,"Lagos, NG",2,1,Regular user - consistent pattern,Not Fraud
user_4434,Card Swipe,400.87,06-08-2025 19:04,ATM,"Berlin, DE",3,0,Recently flagged - suspicious history,Not Fraud
user_5139,Bill Payment,2147.13,03-06-2025 18:04,Desktop-Mac,"Lagos, NG",2,3,Multiple device switches,Fraud
user_1602,Password Change,0,02-06-2025 17:51,POS-Terminal,"Singapore, SG",1,0,Dormant account - reactivated,Not Fraud
user_1725,Loan Application,19672.98,26-03-2025 17:25,ATM,"Delhi, IN",1,0,Frequent user - daily activity,Not Fraud
user_7129,Add Beneficiary,0,26-06-2025 13:43,Tablet,"Chicago, US",10,0,Recently flagged - suspicious history,Not Fraud
user_2901,Bill Payment,1048.24,14-05-2025 11:50,Desktop-Mac,"Mumbai, IN",1,1,Consistent single-device user,Not Fraud
user_2100,ATM Withdrawal,31.89,29-03-2025 17:01,POS-Terminal,"Chicago, US",5,3,Frequent user - daily activity,Not Fraud
user_3858,Wallet Top-up,484.61,24-07-2025 15:29,Desktop-Mac,"Moscow, RU",1,1,Multiple device switches,Not Fraud
user_4232,Card Swipe,300.18,22-02-2025 12:45,Desktop-Windows,"Sao Paulo, BR",5,0,New user - no history,Not Fraud
user_4063,Password Change,0,09-03-2025 11:29,POS-Terminal,"Dubai, AE",2,0,Multiple device switches,Not Fraud
user_7431,Loan Application,2328.93,14-02-2025 11:29,ATM,"Beijing, CN",5,3,New user - no history,Not Fraud
user_6131,Money Transfer,4809.53,06-02-2025 07:23,Tablet,"Delhi, IN",3,0,Multiple device switches,Not Fraud
user_3838,Wallet Top-up,504.76,04-08-2025 11:11,Desktop-Mac,"Moscow, RU",5,4,Consistent single-device user,Fraud
user_4196,Add Beneficiary,0,07-05-2025 22:32,Desktop-Mac,"Beijing, CN",2,2,Consistent single-device user,Not Fraud
user_2354,Loan Application,665.67,12-03-2025 18:18,Mobile-iOS,"Sydney, AU",1,0,Consistent single-device user,Not Fraud
user_9369,Money Transfer,11475.65,04-04-2025 10:34,Tablet,"Dubai, AE",1,1,Frequent user - daily activity,Not Fraud
user_5055,ATM Withdrawal,438.66,09-08-2025 01:16,ATM,"Los Angeles, US",5,0,Frequent user - daily activity,Not Fraud
user_6744,Loan Application,12673.77,22-02-2025 08:08,ATM,"Houston, US",1,0,Recently flagged - suspicious history,Fraud
user_9827,Bill Payment,974.34,10-03-2025 17:18,ATM,"Sydney, AU",6,2,Occasional user - sporadic activity,Not Fraud
user_1971,ATM Withdrawal,434.85,05-03-2025 08:55,Mobile-iOS,"Sao Paulo, BR",5,1,Multiple device switches,Not Fraud
user_3329,Loan Application,12666.42,20-01-2025 16:24,POS-Terminal,"Berlin, DE",4,0,Recently flagged - suspicious history,Fraud
user_8449,Card Swipe,170.37,07-07-2025 00:49,Mobile-Android,"Sao Paulo, BR",2,1,Dormant account - reactivated,Not Fraud
user_7516,Online Purchase,2904.55,24-03-2025 19:31,ATM,"Toronto, CA",2,0,Consistent single-device user,Not Fraud
user_1793,Login,0,28-04-2025 07:50,Mobile-Android,"Chicago, US",5,0,Regular user - consistent pattern,Not Fraud
user_4314,Bill Payment,2647.03,13-08-2025 11:55,Desktop-Windows,"Los Angeles, US",2,0,Occasional user - sporadic activity,Not Fraud
user_7493,ATM Withdrawal,365.73,24-01-2025 18:27,POS-Terminal,"Los Angeles, US",1,0,Frequent user - daily activity,Not Fraud
user_8291,Login,0,31-01-2025 00:21,ATM,"Delhi, IN",1,0,Multiple device switches,Not Fraud
user_2678,Money Transfer,6301.36,18-07-2025 20:08,ATM,"Sao Paulo, BR",1,5,Occasional user - sporadic activity,Not Fraud
user_9691,Loan Application,219.07,04-07-2025 16:28,Mobile-iOS,"Moscow, RU",1,0,Consistent single-device user,Not Fraud
user_2420,Money Transfer,2843.26,31-03-2025 08:46,Desktop-Mac,"Toronto, CA",1,0,New user - no history,Not Fraud
user_5668,Login,0,19-03-2025 19:42,Mobile-iOS,"Sydney, AU",2,1,Recently flagged - suspicious history,Not Fraud
user_4921,Card Swipe,199.08,19-01-2025 10:40,Tablet,"Singapore, SG",1,0,Dormant account - reactivated,Not Fraud
user_7895,Password Change,0,01-05-2025 14:11,ATM,"Los Angeles, US",3,0,Frequent user - daily activity,Not Fraud
user_1990,Add Beneficiary,0,09-05-2025 14:40,ATM,"Delhi, IN",4,0,Occasional user - sporadic activity,Not Fraud
user_2369,ATM Withdrawal,48.72,18-05-2025 21:51,Desktop-Windows,"Delhi, IN",3,2,New user - no history,Not Fraud
user_8167,Online Purchase,178.43,27-04-2025 06:27,Tablet,"Moscow, RU",2,1,Occasional user - sporadic activity,Not Fraud
user_1185,Bill Payment,1491.76,30-07-2025 11:33,POS-Terminal,"London, UK",2,1,Recently flagged - suspicious history,Not Fraud
user_1480,Password Change,0,17-01-2025 19:17,Desktop-Windows,"Sao Paulo, BR",3,0,Consistent single-device user,Not Fraud
user_6900,Login,0,05-04-2025 14:36,Mobile-iOS,"London, UK",1,0,New user - no history,Not Fraud
user_9336,Login,0,04-03-2025 02:55,Mobile-Android,"Bangalore, IN",2,0,Regular user - consistent pattern,Not Fraud
user_4678,Password Change,0,23-03-2025 10:58,Desktop-Windows,"Dubai, AE",3,0,Regular user - consistent pattern,Not Fraud
user_4656,Wallet Top-up,2944.33,30-04-2025 22:04,ATM,"Toronto, CA",5,0,Consistent single-device user,Not Fraud
user_7044,Online Purchase,878.33,04-03-2025 18:47,Desktop-Mac,"Mumbai, IN",9,5,Frequent user - daily activity,Not Fraud
user_5016,Bill Payment,24.1,30-03-2025 12:14,POS-Terminal,"Dubai, AE",6,4,Regular user - consistent pattern,Not Fraud
user_6038,Money Transfer,4143.63,16-01-2025 23:26,Mobile-iOS,"Sao Paulo, BR",1,3,Multiple device switches,Fraud
user_8511,Money Transfer,11636.37,11-04-2025 14:40,Mobile-Android,"Lagos, NG",1,1,Occasional user - sporadic activity,Not Fraud
user_6161,Add Beneficiary,0,23-03-2025 17:47,Desktop-Mac,"Toronto, CA",1,0,New user - no history,Not Fraud
user_2731,Bill Payment,1351.45,02-04-2025 11:07,ATM,"Houston, US",2,0,New user - no history,Not Fraud
user_3582,ATM Withdrawal,414.93,02-08-2025 17:02,ATM,"Mumbai, IN",1,0,Dormant account - reactivated,Not Fraud
user_9412,Login,0,14-02-2025 17:16,Mobile-Android,"Kolkata, IN",5,0,Frequent user - daily activity,Not Fraud
user_3290,Money Transfer,288.54,20-02-2025 19:14,ATM,"Delhi, IN",3,3,New user - no history,Not Fraud
user_5240,Money Transfer,484.91,24-04-2025 05:57,ATM,"Chicago, US",6,2,Dormant account - reactivated,Not Fraud
user_1699,Card Swipe,34.81,05-07-2025 21:27,Desktop-Mac,"Sydney, AU",2,0,Dormant account - reactivated,Not Fraud
user_4066,ATM Withdrawal,147.13,08-06-2025 20:02,Tablet,"London, UK",1,0,Consistent single-device user,Not Fraud
user_7275,Bill Payment,1260.61,05-03-2025 16:51,POS-Terminal,"Kolkata, IN",2,0,Multiple device switches,Not Fraud
user_8859,Wallet Top-up,2345.4,24-03-2025 11:36,Desktop-Mac,"Toronto, CA",1,0,Regular user - consistent pattern,Not Fraud
user_1959,Card Swipe,269.42,26-01-2025 18:14,Mobile-iOS,"Beijing, CN",1,2,Regular user - consistent pattern,Not Fraud
user_7363,Password Change,0,15-02-2025 21:54,Mobile-iOS,"Lagos, NG",5,1,Regular user - consistent pattern,Not Fraud
user_3328,Loan Application,18969.95,07-05-2025 19:51,Tablet,"Toronto, CA",2,0,Frequent user - daily activity,Not Fraud
user_9625,Card Swipe,10.33,03-02-2025 21:12,Desktop-Windows,"Sao Paulo, BR",6,2,Dormant account - reactivated,Not Fraud
user_1359,Bill Payment,1761.89,05-08-2025 21:49,Tablet,"Dubai, AE",8,0,Multiple device switches,Not Fraud
user_5944,Password Change,0,22-04-2025 08:10,ATM,"Moscow, RU",2,0,Dormant account - reactivated,Not Fraud
user_3872,Add Beneficiary,0,02-02-2025 11:44,Mobile-iOS,"Sao Paulo, BR",7,3,Multiple device switches,Fraud
user_1530,Bill Payment,1809.15,13-06-2025 21:39,Tablet,"Los Angeles, US",2,0,New user - no history,Not Fraud
user_3750,Money Transfer,16442.15,27-03-2025 17:46,Desktop-Mac,"New York, US",1,1,Dormant account - reactivated,Not Fraud
user_2770,Login,0,18-04-2025 03:28,Mobile-iOS,"Singapore, SG",2,0,Multiple device switches,Not Fraud
user_8855,Loan Application,13036.84,19-01-2025 17:10,ATM,"Dubai, AE",1,0,New user - no history,Not Fraud
user_6600,Bill Payment,2664.35,18-08-2025 08:04,Mobile-Android,"Mumbai, IN",9,2,Regular user - consistent pattern,Not Fraud
user_8113,Bill Payment,165.4,28-06-2025 11:12,Tablet,"Sao Paulo, BR",4,0,Recently flagged - suspicious history,Not Fraud
user_1813,Add Beneficiary,0,09-02-2025 15:53,Mobile-Android,"Mumbai, IN",2,0,Consistent single-device user,Not Fraud
user_4390,Bill Payment,1916.38,30-01-2025 23:30,Desktop-Windows,"Berlin, DE",2,2,Recently flagged - suspicious history,Not Fraud
user_9914,Add Beneficiary,0,05-04-2025 09:56,Mobile-iOS,"Bangalore, IN",1,0,Frequent user - daily activity,Not Fraud
user_2009,Bill Payment,2257.94,30-03-2025 17:05,ATM,"Lagos, NG",9,0,Regular user - consistent pattern,Not Fraud
user_9561,Add Beneficiary,0,28-08-2025 22:43,Desktop-Mac,"Lagos, NG",1,0,Multiple device switches,Not Fraud
user_9226,Loan Application,18014.08,07-02-2025 19:43,Mobile-Android,"Kolkata, IN",2,3,Occasional user - sporadic activity,Not Fraud
user_3067,Login,0,21-02-2025 12:43,ATM,"Moscow, RU",5,0,New user - no history,Not Fraud
user_7358,Wallet Top-up,1195.08,28-04-2025 11:17,ATM,"New York, US",4,0,Multiple device switches,Not Fraud
user_7790,Bill Payment,448.86,25-08-2025 15:48,Mobile-Android,"Lagos, NG",1,0,Dormant account - reactivated,Not Fraud
user_7275,Card Swipe,290.29,14-04-2025 13:11,Mobile-iOS,"Moscow, RU",3,0,Multiple device switches,Not Fraud
user_4892,Login,0,18-08-2025 18:58,Desktop-Windows,"New York, US",5,0,Recently flagged - suspicious history,Not Fraud
user_2609,Online Purchase,407.48,31-07-2025 23:28,Desktop-Windows,"London, UK",2,0,Frequent user - daily activity,Not Fraud
user_4463,Add Beneficiary,0,11-08-2025 18:48,Desktop-Windows,"Dubai, AE",2,0,Recently flagged - suspicious history,Not Fraud
user_7609,Bill Payment,2342.65,14-02-2025 14:36,Mobile-iOS,"Singapore, SG",1,0,Regular user - consistent pattern,Not Fraud
user_1828,Password Change,0,30-07-2025 17:17,Desktop-Mac,"Sydney, AU",3,0,Regular user - consistent pattern,Not Fraud
user_7102,Card Swipe,301.08,31-05-2025 09:55,Tablet,"Mumbai, IN",1,2,New user - no history,Not Fraud
user_1813,Bill Payment,2562.19,26-02-2025 18:13,POS-Terminal,"London, UK",1,1,Regular user - consistent pattern,Not Fraud
user_8767,Bill Payment,1943.88,06-03-2025 15:00,Tablet,"Berlin, DE",2,4,Recently flagged - suspicious history,Fraud
user_6713,Card Swipe,133.48,31-07-2025 13:43,Tablet,"Delhi, IN",1,0,Dormant account - reactivated,Not Fraud
user_5631,ATM Withdrawal,345.36,13-06-2025 13:21,Desktop-Windows,"Dubai, AE",1,1,Recently flagged - suspicious history,Not Fraud
user_3456,Wallet Top-up,2297.6,25-07-2025 21:51,ATM,"Moscow, RU",3,1,Regular user - consistent pattern,Not Fraud
user_5843,ATM Withdrawal,454.39,30-05-2025 12:47,POS-Terminal,"Kolkata, IN",5,0,Frequent user - daily activity,Not Fraud
user_8794,Password Change,0,04-08-2025 14:54,POS-Terminal,"Singapore, SG",1,0,Occasional user - sporadic activity,Not Fraud
user_3999,Password Change,0,27-02-2025 16:14,POS-Terminal,"Singapore, SG",2,2,Dormant account - reactivated,Not Fraud
user_5817,Card Swipe,427.09,30-05-2025 13:55,Tablet,Tor Exit Node,1,2,New user - no history,Not Fraud
user_9680,ATM Withdrawal,212.42,21-02-2025 20:09,Desktop-Windows,"Delhi, IN",3,3,Consistent single-device user,Not Fraud
user_6183,Bill Payment,2337.93,22-03-2025 13:40,POS-Terminal,"Los Angeles, US",2,0,Occasional user - sporadic activity,Not Fraud
user_3595,Card Swipe,394.75,22-04-2025 18:08,POS-Terminal,"Delhi, IN",2,0,Regular user - consistent pattern,Not Fraud
user_9745,Online Purchase,2193.32,13-07-2025 22:57,ATM,"Sydney, AU",1,0,Frequent user - daily activity,Not Fraud
user_6641,ATM Withdrawal,73.18,12-02-2025 12:37,Mobile-Android,"Dubai, AE",1,0,Dormant account - reactivated,Not Fraud
user_6615,Card Swipe,186.03,27-07-2025 09:58,Desktop-Mac,"New York, US",1,5,Frequent user - daily activity,Not Fraud
user_9267,Bill Payment,373.87,07-04-2025 17:50,POS-Terminal,"London, UK",2,0,Regular user - consistent pattern,Not Fraud
user_1323,Login,0,08-04-2025 17:26,Mobile-Android,"Lagos, NG",2,0,Regular user - consistent pattern,Not Fraud
user_9524,ATM Withdrawal,315.17,19-08-2025 17:26,Mobile-Android,"Sydney, AU",3,0,New user - no history,Not Fraud
user_4272,ATM Withdrawal,417.43,15-04-2025 23:22,Desktop-Windows,"Chicago, US",2,3,Consistent single-device user,Not Fraud
user_4842,Login,0,29-01-2025 00:05,ATM,"Lagos, NG",2,3,New user - no history,Not Fraud
user_5192,Online Purchase,1372.97,13-01-2025 23:16,Mobile-Android,"Dubai, AE",6,2,Dormant account - reactivated,Fraud
user_7979,Money Transfer,1945.22,07-08-2025 18:02,Mobile-iOS,"Beijing, CN",1,0,Consistent single-device user,Not Fraud
user_5395,Money Transfer,7483.81,13-04-2025 11:07,Desktop-Mac,"Toronto, CA",2,2,Multiple device switches,Not Fraud
user_2852,Bill Payment,2090.03,27-01-2025 04:54,Desktop-Mac,"Singapore, SG",2,0,Consistent single-device user,Not Fraud
user_7221,Password Change,0,14-08-2025 16:55,ATM,"Sao Paulo, BR",6,0,Consistent single-device user,Not Fraud
user_7738,Card Swipe,32.53,30-06-2025 10:20,ATM,"Beijing, CN",4,0,Frequent user - daily activity,Not Fraud
user_9504,Wallet Top-up,2066.28,06-07-2025 16:27,Mobile-iOS,"Bangalore, IN",3,0,Occasional user - sporadic activity,Not Fraud
user_1894,Login,0,06-08-2025 16:10,Desktop-Mac,"Dubai, AE",5,0,Consistent single-device user,Not Fraud
user_4946,Password Change,0,27-02-2025 23:03,Tablet,"Moscow, RU",2,0,Consistent single-device user,Fraud
user_8341,Money Transfer,17138.96,10-07-2025 13:07,POS-Terminal,"New York, US",2,0,Regular user - consistent pattern,Not Fraud
user_5990,Wallet Top-up,1689.19,04-04-2025 16:29,ATM,"Los Angeles, US",1,0,Consistent single-device user,Not Fraud
user_8414,Money Transfer,1993.87,01-04-2025 16:00,ATM,"Moscow, RU",4,0,Dormant account - reactivated,Not Fraud
user_1750,Bill Payment,1479.8,15-04-2025 19:47,Mobile-Android,"London, UK",1,0,Multiple device switches,Not Fraud
user_6536,Money Transfer,15155.13,22-06-2025 02:40,Tablet,"Chicago, US",6,0,Occasional user - sporadic activity,Not Fraud
user_9689,Login,0,30-05-2025 15:27,Desktop-Mac,Unknown Location,4,3,Occasional user - sporadic activity,Not Fraud
user_2696,Add Beneficiary,0,24-03-2025 16:38,Tablet,"Singapore, SG",2,0,Frequent user - daily activity,Not Fraud
user_5819,Card Swipe,404.35,15-08-2025 08:38,POS-Terminal,"Sydney, AU",5,0,Dormant account - reactivated,Not Fraud
user_4560,Online Purchase,633.09,24-08-2025 17:43,POS-Terminal,"Chicago, US",4,4,Occasional user - sporadic activity,Not Fraud
user_9888,Password Change,0,24-05-2025 17:48,Desktop-Mac,"Lagos, NG",7,1,Recently flagged - suspicious history,Fraud
user_1209,Wallet Top-up,323.88,15-01-2025 12:03,Mobile-iOS,"London, UK",4,5,Recently flagged - suspicious history,Not Fraud
user_2016,ATM Withdrawal,109.96,26-04-2025 14:22,Mobile-Android,"Moscow, RU",3,0,Frequent user - daily activity,Not Fraud
user_7371,Online Purchase,1535.21,27-06-2025 19:44,POS-Terminal,"New York, US",2,0,Dormant account - reactivated,Not Fraud
user_1881,Login,0,11-08-2025 18:12,ATM,"Dubai, AE",2,0,Dormant account - reactivated,Not Fraud
user_9955,Loan Application,3969.56,25-04-2025 17:12,Mobile-iOS,"Kolkata, IN",1,4,New user - no history,Fraud
user_1665,Add Beneficiary,0,11-02-2025 10:16,Tablet,"Dubai, AE",1,0,Occasional user - sporadic activity,Not Fraud
user_1833,Loan Application,16870.64,21-05-2025 11:50,Desktop-Windows,"Los Angeles, US",4,0,Occasional user - sporadic activity,Not Fraud
user_2117,Wallet Top-up,482.31,31-03-2025 14:25,Mobile-iOS,"Singapore, SG",3,0,Recently flagged - suspicious history,Not Fraud
user_9691,Card Swipe,498.35,30-01-2025 19:41,POS-Terminal,"Mumbai, IN",1,0,Frequent user - daily activity,Not Fraud
user_6258,Add Beneficiary,0,07-03-2025 21:07,Tablet,"Sao Paulo, BR",1,0,Dormant account - reactivated,Not Fraud
user_8300,Card Swipe,31.49,12-05-2025 21:12,Mobile-Android,"Kolkata, IN",1,4,Regular user - consistent pattern,Not Fraud
user_4492,Add Beneficiary,0,01-08-2025 19:13,POS-Terminal,"Singapore, SG",4,0,New user - no history,Not Fraud
user_1389,Card Swipe,361.27,15-02-2025 01:04,ATM,"London, UK",1,2,Recently flagged - suspicious history,Not Fraud
user_7357,Card Swipe,318.81,22-06-2025 13:01,Mobile-Android,"Sydney, AU",3,0,Regular user - consistent pattern,Not Fraud
user_6860,Wallet Top-up,322.88,23-01-2025 18:19,Desktop-Windows,"Berlin, DE",2,0,Regular user - consistent pattern,Not Fraud
user_3561,Wallet Top-up,663.5,06-08-2025 18:50,Tablet,"Toronto, CA",3,0,Dormant account - reactivated,Not Fraud
user_3316,Money Transfer,883.37,21-05-2025 15:25,Mobile-Android,"Toronto, CA",4,3,Dormant account - reactivated,Not Fraud
user_3333,Bill Payment,556.06,30-01-2025 16:16,Mobile-iOS,"Beijing, CN",3,0,Consistent single-device user,Not Fraud
user_2198,ATM Withdrawal,339.13,29-05-2025 10:12,Desktop-Mac,"Kolkata, IN",2,1,Frequent user - daily activity,Not Fraud
user_5671,Loan Application,1442.69,26-03-2025 09:31,Tablet,"Beijing, CN",3,0,Dormant account - reactivated,Not Fraud
user_3762,Login,0,02-07-2025 11:50,POS-Terminal,"Moscow, RU",1,0,Dormant account - reactivated,Not Fraud
user_8583,Card Swipe,185.78,14-02-2025 11:35,POS-Terminal,"Moscow, RU",5,2,Occasional user - sporadic activity,Not Fraud
user_4218,ATM Withdrawal,369.44,17-08-2025 16:46,Mobile-Android,"Dubai, AE",3,2,Multiple device switches,Not Fraud
user_1600,Wallet Top-up,785.55,17-06-2025 20:34,ATM,"Chicago, US",2,2,Recently flagged - suspicious history,Not Fraud
user_8613,Wallet Top-up,1533.68,19-06-2025 12:32,Mobile-iOS,"Dubai, AE",5,0,Occasional user - sporadic activity,Not Fraud
user_3299,Card Swipe,88.02,12-08-2025 15:36,Mobile-iOS,"Sao Paulo, BR",2,0,Frequent user - daily activity,Not Fraud
user_4796,Money Transfer,5323.92,13-05-2025 10:42,ATM,"Mumbai, IN",2,0,Regular user - consistent pattern,Not Fraud
user_6309,Money Transfer,14089.54,02-08-2025 14:53,POS-Terminal,"London, UK",2,0,Multiple device switches,Not Fraud
user_2275,Wallet Top-up,758.5,14-04-2025 23:14,Desktop-Windows,"Dubai, AE",2,1,Regular user - consistent pattern,Not Fraud
user_3276,Card Swipe,91.15,24-02-2025 06:41,Mobile-iOS,"Houston, US",2,1,New user - no history,Not Fraud
user_7793,Password Change,0,03-05-2025 17:30,Desktop-Mac,"Houston, US",1,2,Regular user - consistent pattern,Not Fraud
user_1706,Bill Payment,1722.59,11-01-2025 08:40,Tablet,"Chicago, US",1,3,Multiple device switches,Not Fraud
user_1305,ATM Withdrawal,474.15,11-08-2025 09:38,Desktop-Mac,"Houston, US",5,0,Occasional user - sporadic activity,Not Fraud
user_9369,ATM Withdrawal,92.18,02-06-2025 17:59,Tablet,"Los Angeles, US",2,0,Regular user - consistent pattern,Not Fraud
user_7877,Bill Payment,1818.51,03-06-2025 09:57,Mobile-Android,"Singapore, SG",2,1,New user - no history,Not Fraud
user_9835,Login,0,16-06-2025 21:49,Desktop-Mac,"Sydney, AU",2,0,Multiple device switches,Not Fraud
user_8899,Add Beneficiary,0,21-08-2025 11:51,ATM,"Dubai, AE",3,0,Recently flagged - suspicious history,Not Fraud
user_4809,Money Transfer,5701.17,18-02-2025 20:26,Mobile-Android,"Sao Paulo, BR",4,0,New user - no history,Not Fraud
user_4365,Password Change,0,20-04-2025 12:06,POS-Terminal,"Lagos, NG",1,0,Dormant account - reactivated,Fraud
user_5514,Add Beneficiary,0,20-07-2025 18:26,Tablet,"Bangalore, IN",2,0,Recently flagged - suspicious history,Not Fraud
user_6641,Add Beneficiary,0,18-06-2025 18:54,Mobile-Android,"Sao Paulo, BR",2,1,Occasional user - sporadic activity,Not Fraud
user_7562,Password Change,0,25-06-2025 19:39,POS-Terminal,"New York, US",2,0,New user - no history,Not Fraud
user_8727,Loan Application,8735.78,21-01-2025 05:14,Tablet,"New York, US",2,5,Recently flagged - suspicious history,Fraud
user_1941,Bill Payment,1922.67,18-06-2025 13:12,ATM,"Sydney, AU",1,1,Frequent user - daily activity,Not Fraud
user_3776,Login,0,10-02-2025 11:41,Mobile-Android,"Kolkata, IN",4,0,Multiple device switches,Not Fraud
user_9482,Login,0,24-01-2025 18:04,Tablet,"Toronto, CA",5,3,Dormant account - reactivated,Not Fraud
user_4707,Loan Application,19262.99,02-01-2025 13:25,Desktop-Windows,"Houston, US",2,0,Recently flagged - suspicious history,Fraud
user_2917,Wallet Top-up,2870.34,28-05-2025 20:52,Desktop-Windows,"Beijing, CN",8,0,Frequent user - daily activity,Not Fraud
user_8517,Card Swipe,449.3,08-03-2025 20:30,Mobile-Android,"Delhi, IN",4,0,Frequent user - daily activity,Not Fraud
user_6785,Wallet Top-up,1609.28,15-03-2025 17:16,Mobile-Android,"Delhi, IN",4,0,Occasional user - sporadic activity,Not Fraud
user_4580,Loan Application,5418.06,21-08-2025 22:43,Mobile-iOS,"Sydney, AU",1,1,Recently flagged - suspicious history,Not Fraud
user_4755,Online Purchase,2505.65,19-07-2025 19:22,Mobile-Android,"Chicago, US",1,4,Consistent single-device user,Not Fraud
user_1692,Card Swipe,191.89,18-08-2025 11:57,Tablet,"Singapore, SG",2,5,Recently flagged - suspicious history,Fraud
user_3101,Login,0,29-08-2025 14:27,Tablet,"New York, US",2,2,Occasional user - sporadic activity,Not Fraud
user_9490,Card Swipe,164.67,08-04-2025 00:43,Tablet,"Los Angeles, US",2,2,Occasional user - sporadic activity,Not Fraud
user_5413,Card Swipe,479.68,19-04-2025 11:11,Mobile-iOS,"Delhi, IN",4,0,Multiple device switches,Not Fraud
user_8384,Bill Payment,1716.37,28-07-2025 23:43,Mobile-Android,"Sao Paulo, BR",5,0,Multiple device switches,Fraud
user_8749,Login,0,17-08-2025 09:31,ATM,"Moscow, RU",2,0,Consistent single-device user,Not Fraud
user_5111,Wallet Top-up,2576.21,11-02-2025 02:06,Mobile-Android,"Houston, US",1,2,New user - no history,Not Fraud
user_5256,Password Change,0,27-07-2025 12:35,Desktop-Windows,"Mumbai, IN",2,0,Frequent user - daily activity,Not Fraud
user_9821,Bill Payment,2938.22,11-05-2025 10:20,Desktop-Mac,"Berlin, DE",2,0,Recently flagged - suspicious history,Not Fraud
user_3373,Bill Payment,1923.54,06-06-2025 21:26,Tablet,"Delhi, IN",6,0,Dormant account - reactivated,Not Fraud
user_5773,ATM Withdrawal,306.64,19-07-2025 12:56,ATM,Tor Exit Node,4,0,Consistent single-device user,Not Fraud
user_3741,Bill Payment,2563.36,06-03-2025 08:15,POS-Terminal,"Beijing, CN",1,0,New user - no history,Not Fraud
user_2045,Card Swipe,278.73,15-07-2025 01:25,Mobile-Android,"Los Angeles, US",3,0,Multiple device switches,Not Fraud
user_5655,Card Swipe,316.98,08-01-2025 08:53,Mobile-Android,"Beijing, CN",5,0,Consistent single-device user,Not Fraud
user_5463,Wallet Top-up,1337.31,15-02-2025 23:44,Tablet,"Moscow, RU",3,0,Multiple device switches,Fraud
user_6073,Password Change,0,23-01-2025 13:14,Desktop-Mac,"Toronto, CA",2,0,Regular user - consistent pattern,Not Fraud
user_9574,Bill Payment,1034.94,25-08-2025 13:00,Desktop-Mac,"Kolkata, IN",2,0,Multiple device switches,Not Fraud
user_4788,Login,0,14-08-2025 14:12,Tablet,"Bangalore, IN",1,1,Multiple device switches,Not Fraud
user_5308,Money Transfer,8473.68,21-08-2025 10:48,Tablet,"Berlin, DE",3,0,Recently flagged - suspicious history,Not Fraud
user_3988,Bill Payment,872.34,11-03-2025 16:39,POS-Terminal,"Moscow, RU",1,0,Regular user - consistent pattern,Not Fraud
user_1362,Bill Payment,2917.14,23-04-2025 10:08,POS-Terminal,"New York, US",1,0,Frequent user - daily activity,Not Fraud
user_7885,ATM Withdrawal,395.01,28-06-2025 14:23,ATM,"New York, US",1,1,Occasional user - sporadic activity,Not Fraud
user_5366,Add Beneficiary,0,19-02-2025 05:30,ATM,"London, UK",2,0,Frequent user - daily activity,Not Fraud
user_8257,Online Purchase,2214.17,17-07-2025 01:29,Mobile-Android,"Sydney, AU",9,0,Recently flagged - suspicious history,Fraud
user_1691,Wallet Top-up,1565.17,20-02-2025 10:40,Desktop-Windows,"Singapore, SG",5,0,New user - no history,Not Fraud
user_8113,Password Change,0,30-05-2025 00:50,Mobile-Android,"Delhi, IN",1,4,Consistent single-device user,Not Fraud
user_7084,Money Transfer,5012.01,28-03-2025 14:43,ATM,"Moscow, RU",1,0,New user - no history,Not Fraud
user_8992,Online Purchase,953.63,30-03-2025 15:41,ATM,"Singapore, SG",4,0,Multiple device switches,Not Fraud
user_3207,ATM Withdrawal,450.34,17-03-2025 13:28,Tablet,"Beijing, CN",1,0,Dormant account - reactivated,Not Fraud
user_5510,Loan Application,18293.76,09-02-2025 15:04,Desktop-Mac,"Toronto, CA",1,0,Regular user - consistent pattern,Not Fraud
user_7210,Bill Payment,2649.38,08-06-2025 16:23,Mobile-iOS,"Toronto, CA",1,4,Multiple device switches,Fraud
user_9586,Card Swipe,385.21,15-04-2025 08:18,POS-Terminal,"Toronto, CA",1,1,Regular user - consistent pattern,Not Fraud
user_3926,Login,0,26-01-2025 09:31,Mobile-Android,"Lagos, NG",5,1,Recently flagged - suspicious history,Fraud
user_2161,Login,0,06-05-2025 21:13,ATM,"Los Angeles, US",5,0,Multiple device switches,Not Fraud
user_1955,Loan Application,5353.02,19-03-2025 02:04,Mobile-Android,Tor Exit Node,8,0,Frequent user - daily activity,Fraud
user_4164,Wallet Top-up,1972.35,11-07-2025 15:11,Tablet,"Delhi, IN",1,0,Dormant account - reactivated,Not Fraud
user_2705,Bill Payment,2378.42,18-06-2025 14:32,Mobile-iOS,"Sydney, AU",3,3,Dormant account - reactivated,Not Fraud
user_6319,Password Change,0,31-07-2025 12:40,POS-Terminal,"Toronto, CA",1,0,Multiple device switches,Not Fraud
user_5162,Password Change,0,01-01-2025 22:28,POS-Terminal,"New York, US",1,0,Occasional user - sporadic activity,Not Fraud
user_1107,ATM Withdrawal,492.35,17-07-2025 09:20,ATM,Tor Exit Node,5,3,Occasional user - sporadic activity,Not Fraud
user_1618,Card Swipe,184.27,30-05-2025 08:23,Mobile-iOS,"London, UK",5,0,Multiple device switches,Not Fraud
user_4562,Money Transfer,14485.43,31-07-2025 19:11,POS-Terminal,"Sao Paulo, BR",5,0,Recently flagged - suspicious history,Not Fraud
user_7251,Money Transfer,15613.43,14-08-2025 21:21,ATM,"Bangalore, IN",7,0,Frequent user - daily activity,Not Fraud
user_1187,Add Beneficiary,0,23-03-2025 03:33,Tablet,"Lagos, NG",2,1,Occasional user - sporadic activity,Fraud
user_8300,Loan Application,11526.33,21-07-2025 07:27,Desktop-Mac,"Chicago, US",2,0,Regular user - consistent pattern,Not Fraud
user_7540,ATM Withdrawal,51.69,03-02-2025 14:49,ATM,"Chicago, US",3,0,Frequent user - daily activity,Not Fraud
user_9589,Online Purchase,730.73,25-06-2025 10:27,Tablet,"Los Angeles, US",3,0,Dormant account - reactivated,Not Fraud
user_1396,ATM Withdrawal,92.94,24-04-2025 11:52,Tablet,"Chicago, US",1,2,Frequent user - daily activity,Not Fraud
user_2405,Money Transfer,14804.65,07-02-2025 10:39,ATM,"Dubai, AE",1,0,New user - no history,Not Fraud
user_8373,Card Swipe,21.15,22-02-2025 09:34,Tablet,"Sydney, AU",1,0,Occasional user - sporadic activity,Not Fraud
user_7170,Loan Application,18125.5,16-01-2025 14:16,Desktop-Windows,"Houston, US",3,0,Consistent single-device user,Not Fraud
user_2091,Add Beneficiary,0,22-08-2025 16:42,POS-Terminal,"Mumbai, IN",1,0,Multiple device switches,Not Fraud
user_7237,Wallet Top-up,2929.95,10-08-2025 07:20,Tablet,"Sydney, AU",1,0,Consistent single-device user,Not Fraud
user_1651,Online Purchase,2767.2,10-07-2025 11:31,Mobile-iOS,"New York, US",3,0,Recently flagged - suspicious history,Not Fraud
user_9212,ATM Withdrawal,407.83,16-08-2025 16:56,ATM,"Kolkata, IN",7,3,Frequent user - daily activity,Not Fraud
user_6599,Add Beneficiary,0,08-04-2025 16:05,Tablet,"Kolkata, IN",3,0,Frequent user - daily activity,Not Fraud
user_3502,Add Beneficiary,0,26-03-2025 23:58,Desktop-Mac,"Lagos, NG",1,0,Frequent user - daily activity,Not Fraud
user_6062,Wallet Top-up,2729.14,07-02-2025 12:58,POS-Terminal,Unknown Location,6,0,New user - no history,Not Fraud
user_6203,Bill Payment,2182.6,16-04-2025 18:56,Desktop-Windows,"Bangalore, IN",7,2,Recently flagged - suspicious history,Fraud
user_4079,Money Transfer,2674.34,10-03-2025 01:39,Tablet,"Lagos, NG",1,0,Regular user - consistent pattern,Not Fraud
user_3196,Wallet Top-up,2539.18,17-02-2025 13:41,ATM,"Delhi, IN",2,0,Frequent user - daily activity,Not Fraud
user_7694,Login,0,10-07-2025 21:26,POS-Terminal,"Kolkata, IN",4,0,Consistent single-device user,Not Fraud
user_9027,Password Change,0,20-04-2025 20:56,Desktop-Mac,"Berlin, DE",3,2,Dormant account - reactivated,Not Fraud
user_9784,Wallet Top-up,1925.97,28-01-2025 17:02,Desktop-Mac,"Bangalore, IN",6,2,Frequent user - daily activity,Not Fraud
user_9812,Add Beneficiary,0,10-04-2025 23:02,Tablet,"Berlin, DE",8,0,Consistent single-device user,Not Fraud
user_5684,Card Swipe,91.58,26-06-2025 11:58,Tablet,"Singapore, SG",2,0,New user - no history,Not Fraud
user_3945,Loan Application,18759.96,16-04-2025 17:08,Desktop-Windows,"Bangalore, IN",1,0,Frequent user - daily activity,Not Fraud
user_2477,ATM Withdrawal,168.8,11-02-2025 16:45,POS-Terminal,"Sao Paulo, BR",1,1,Dormant account - reactivated,Not Fraud
user_9582,Add Beneficiary,0,10-02-2025 17:32,Desktop-Mac,"Lagos, NG",1,0,Dormant account - reactivated,Fraud
user_3459,Bill Payment,2607.11,18-04-2025 09:45,Desktop-Windows,"Toronto, CA",4,0,Occasional user - sporadic activity,Not Fraud
user_3155,Online Purchase,15.58,08-05-2025 18:00,ATM,"Sydney, AU",5,0,Consistent single-device user,Not Fraud
user_4553,Loan Application,13206.44,03-06-2025 13:28,Tablet,"New York, US",6,0,Frequent user - daily activity,Not Fraud
user_1902,Password Change,0,20-06-2025 01:54,Tablet,"Dubai, AE",1,3,Regular user - consistent pattern,Not Fraud
user_3643,ATM Withdrawal,309.43,21-07-2025 17:38,Tablet,"Houston, US",2,0,Regular user - consistent pattern,Not Fraud
user_6289,Password Change,0,14-07-2025 21:52,Desktop-Mac,"Dubai, AE",1,0,New user - no history,Not Fraud
user_6393,Wallet Top-up,1244.2,15-01-2025 09:13,Mobile-Android,"Lagos, NG",9,0,New user - no history,Fraud
user_5705,Add Beneficiary,0,15-05-2025 16:20,Tablet,"Kolkata, IN",2,0,Consistent single-device user,Not Fraud
user_9069,Bill Payment,2651.57,01-01-2025 10:18,Mobile-Android,"New York, US",3,0,Frequent user - daily activity,Not Fraud
user_7783,Login,0,13-06-2025 11:35,Mobile-iOS,"New York, US",1,0,New user - no history,Not Fraud
user_5919,Wallet Top-up,1652.23,27-03-2025 18:07,Desktop-Windows,"Delhi, IN",3,4,Occasional user - sporadic activity,Not Fraud
user_6415,Password Change,0,02-05-2025 21:30,ATM,"New York, US",1,0,Consistent single-device user,Not Fraud
user_6490,Card Swipe,394.15,02-08-2025 12:47,Tablet,"Toronto, CA",4,0,Regular user - consistent pattern,Not Fraud
user_6793,Money Transfer,19393.79,07-04-2025 10:01,POS-Terminal,"Sydney, AU",1,0,Occasional user - sporadic activity,Not Fraud
user_2914,ATM Withdrawal,355.58,16-04-2025 11:02,Mobile-Android,"Sydney, AU",1,0,Recently flagged - suspicious history,Not Fraud
user_3867,Money Transfer,7515.6,24-01-2025 01:12,Desktop-Mac,"Sydney, AU",4,3,Occasional user - sporadic activity,Not Fraud
user_6572,Card Swipe,368.9,06-02-2025 14:49,ATM,"Singapore, SG",5,3,Occasional user - sporadic activity,Not Fraud
user_1598,Card Swipe,199.92,21-03-2025 20:07,Mobile-Android,"Beijing, CN",3,0,Consistent single-device user,Not Fraud
user_9529,ATM Withdrawal,21.02,23-02-2025 18:40,Desktop-Windows,"Houston, US",1,0,Consistent single-device user,Not Fraud
user_5467,Bill Payment,476.7,12-05-2025 07:39,Mobile-Android,"Houston, US",2,0,Occasional user - sporadic activity,Not Fraud
user_5011,Bill Payment,218.37,24-04-2025 16:21,Mobile-Android,"Chicago, US",2,1,New user - no history,Not Fraud
user_7987,Add Beneficiary,0,01-06-2025 09:38,POS-Terminal,"Dubai, AE",3,0,Recently flagged - suspicious history,Not Fraud
user_4246,Wallet Top-up,240.24,26-05-2025 21:48,Mobile-iOS,"Los Angeles, US",5,1,New user - no history,Not Fraud
user_6085,Card Swipe,240.57,18-08-2025 22:09,Tablet,"London, UK",2,0,Dormant account - reactivated,Not Fraud
user_8426,Card Swipe,24.83,29-04-2025 13:22,ATM,"Houston, US",4,0,Occasional user - sporadic activity,Not Fraud
user_2686,Add Beneficiary,0,25-03-2025 19:50,Tablet,"Beijing, CN",4,0,Multiple device switches,Not Fraud
user_4992,Wallet Top-up,481.27,23-02-2025 13:04,ATM,"Beijing, CN",2,5,Dormant account - reactivated,Not Fraud
user_4869,Bill Payment,1989.52,27-05-2025 06:59,ATM,"Sydney, AU",3,0,New user - no history,Not Fraud
user_3886,ATM Withdrawal,478.38,28-07-2025 05:06,Tablet,"Berlin, DE",2,0,Regular user - consistent pattern,Not Fraud
user_1003,Bill Payment,1984.34,07-06-2025 13:18,Tablet,"Bangalore, IN",1,2,Recently flagged - suspicious history,Not Fraud
user_8122,Password Change,0,06-06-2025 23:37,Tablet,"Delhi, IN",1,0,Dormant account - reactivated,Not Fraud
user_1013,Wallet Top-up,2463.16,10-08-2025 11:55,Mobile-Android,"London, UK",4,0,Dormant account - reactivated,Not Fraud
user_7251,Add Beneficiary,0,02-05-2025 14:42,Mobile-iOS,"Houston, US",2,3,Multiple device switches,Not Fraud
user_5726,Bill Payment,407.16,04-07-2025 05:01,Desktop-Mac,"Beijing, CN",9,0,Occasional user - sporadic activity,Not Fraud
user_8471,Loan Application,18609.7,19-04-2025 16:29,Tablet,"Dubai, AE",2,0,Multiple device switches,Fraud
user_9161,Online Purchase,2137.83,28-05-2025 10:59,Desktop-Windows,"New York, US",1,0,Dormant account - reactivated,Not Fraud
user_8889,Money Transfer,2884.65,19-07-2025 18:54,Desktop-Windows,"Bangalore, IN",1,2,New user - no history,Not Fraud
user_8740,Money Transfer,13697.28,06-06-2025 14:37,Mobile-Android,"Singapore, SG",2,0,Consistent single-device user,Not Fraud
user_6431,Add Beneficiary,0,16-03-2025 11:51,Mobile-iOS,"New York, US",7,1,Recently flagged - suspicious history,Not Fraud
user_8752,Loan Application,3423.13,08-07-2025 03:18,Tablet,"New York, US",2,0,New user - no history,Not Fraud
user_5129,Bill Payment,1849.31,09-07-2025 10:16,Mobile-Android,"Moscow, RU",6,1,Consistent single-device user,Not Fraud
user_5280,Online Purchase,1457.33,29-03-2025 19:55,Mobile-Android,"Kolkata, IN",3,2,Consistent single-device user,Not Fraud
user_7277,Online Purchase,1983.7,28-05-2025 17:10,POS-Terminal,"Dubai, AE",1,0,New user - no history,Not Fraud
user_3745,Card Swipe,205.38,25-08-2025 11:47,Tablet,"London, UK",3,0,Recently flagged - suspicious history,Not Fraud
user_1194,ATM Withdrawal,464.34,16-05-2025 13:43,POS-Terminal,"Kolkata, IN",1,0,Dormant account - reactivated,Not Fraud
user_5466,Password Change,0,07-03-2025 10:51,POS-Terminal,"Lagos, NG",2,1,Frequent user - daily activity,Not Fraud
user_4193,Wallet Top-up,1015.53,21-05-2025 17:11,Mobile-Android,"Beijing, CN",5,0,New user - no history,Not Fraud
user_6759,Online Purchase,2177.13,08-06-2025 10:02,Mobile-Android,"Los Angeles, US",3,2,Frequent user - daily activity,Not Fraud
user_2965,Money Transfer,17135.99,19-08-2025 08:42,POS-Terminal,"Lagos, NG",8,2,Occasional user - sporadic activity,Fraud
user_5826,Card Swipe,333.63,12-03-2025 06:29,ATM,"Delhi, IN",6,1,Dormant account - reactivated,Not Fraud
user_3653,Money Transfer,5581.89,16-01-2025 04:24,Desktop-Windows,"Kolkata, IN",1,0,Consistent single-device user,Not Fraud
user_7432,Bill Payment,1938.22,21-04-2025 07:34,Mobile-iOS,"Moscow, RU",1,0,Recently flagged - suspicious history,Not Fraud
user_1571,Money Transfer,1454.73,05-01-2025 17:49,Desktop-Mac,"Chicago, US",3,3,Multiple device switches,Not Fraud
user_3483,Password Change,0,12-05-2025 21:36,POS-Terminal,Tor Exit Node,2,0,New user - no history,Not Fraud
user_4700,Login,0,19-07-2025 12:44,Desktop-Mac,"Chicago, US",2,5,Dormant account - reactivated,Not Fraud
user_7563,Login,0,04-04-2025 16:41,Tablet,"Dubai, AE",2,2,Recently flagged - suspicious history,Not Fraud
user_1644,Add Beneficiary,0,10-04-2025 16:19,Mobile-Android,"Moscow, RU",2,0,Consistent single-device user,Not Fraud
user_1584,Online Purchase,80.97,10-04-2025 23:15,Mobile-Android,"Berlin, DE",3,0,Consistent single-device user,Not Fraud
user_1606,Password Change,0,11-01-2025 04:50,Desktop-Mac,"Chicago, US",5,1,Consistent single-device user,Not Fraud
user_3440,Loan Application,4698.06,06-05-2025 06:47,POS-Terminal,"New York, US",6,0,Frequent user - daily activity,Not Fraud
user_1235,Bill Payment,1899.82,25-01-2025 21:52,Desktop-Mac,"Moscow, RU",5,0,New user - no history,Not Fraud
user_9145,Loan Application,15993.55,20-04-2025 09:51,Desktop-Windows,"Dubai, AE",9,1,Dormant account - reactivated,Fraud
user_9943,Bill Payment,968.16,12-01-2025 22:13,Tablet,"Houston, US",1,0,Multiple device switches,Not Fraud
user_3703,Card Swipe,129.39,22-07-2025 15:08,ATM,"Moscow, RU",2,0,Consistent single-device user,Not Fraud
user_1104,Login,0,16-06-2025 09:05,Tablet,"Singapore, SG",2,2,Consistent single-device user,Not Fraud
user_3344,ATM Withdrawal,266.31,27-06-2025 12:11,Mobile-Android,"Moscow, RU",4,0,New user - no history,Not Fraud
user_6699,Add Beneficiary,0,31-01-2025 00:15,Tablet,"Kolkata, IN",3,2,Frequent user - daily activity,Not Fraud
user_5528,Login,0,25-06-2025 09:50,ATM,"Kolkata, IN",2,0,Regular user - consistent pattern,Not Fraud
user_6966,ATM Withdrawal,112.7,16-08-2025 10:39,ATM,"Bangalore, IN",1,0,Occasional user - sporadic activity,Not Fraud
user_1476,Card Swipe,262.3,24-04-2025 05:15,Tablet,"Lagos, NG",2,1,Dormant account - reactivated,Not Fraud
user_6343,Online Purchase,298.7,07-04-2025 18:55,Mobile-iOS,"Los Angeles, US",3,0,Multiple device switches,Not Fraud
user_4541,Loan Application,9127.07,04-07-2025 12:08,Mobile-iOS,"Moscow, RU",9,0,Occasional user - sporadic activity,Fraud
user_1977,ATM Withdrawal,76.89,13-02-2025 20:29,ATM,"Mumbai, IN",6,0,Occasional user - sporadic activity,Not Fraud
user_4763,Money Transfer,8263.34,01-06-2025 14:55,Desktop-Mac,"Dubai, AE",1,1,Frequent user - daily activity,Not Fraud
user_6362,Add Beneficiary,0,01-06-2025 15:57,Mobile-iOS,"Singapore, SG",6,0,Regular user - consistent pattern,Not Fraud
user_8711,Wallet Top-up,105.69,24-07-2025 14:30,POS-Terminal,"Dubai, AE",2,0,Regular user - consistent pattern,Not Fraud
user_4571,Bill Payment,1078.43,03-05-2025 10:05,POS-Terminal,"Toronto, CA",4,2,Regular user - consistent pattern,Not Fraud
user_8598,Bill Payment,2623.23,05-04-2025 12:50,POS-Terminal,"Bangalore, IN",3,2,New user - no history,Not Fraud
user_6454,Wallet Top-up,102.98,06-06-2025 12:17,Tablet,"Lagos, NG",1,1,Dormant account - reactivated,Not Fraud
user_9433,Password Change,0,04-04-2025 20:07,Desktop-Mac,"Moscow, RU",2,0,New user - no history,Not Fraud
user_4354,Bill Payment,2943.85,03-05-2025 10:07,POS-Terminal,Tor Exit Node,3,4,Frequent user - daily activity,Fraud
user_6250,Password Change,0,19-04-2025 21:32,Desktop-Windows,"Los Angeles, US",2,0,New user - no history,Not Fraud
user_9714,Wallet Top-up,2698.86,22-06-2025 13:23,POS-Terminal,"Berlin, DE",7,0,Consistent single-device user,Not Fraud
user_2313,Add Beneficiary,0,28-01-2025 21:18,Mobile-iOS,"Toronto, CA",3,0,Frequent user - daily activity,Not Fraud
user_1371,ATM Withdrawal,214.1,02-05-2025 17:59,Desktop-Windows,"Delhi, IN",4,0,Frequent user - daily activity,Not Fraud
user_1361,Online Purchase,2505.67,29-05-2025 14:21,Desktop-Windows,"Beijing, CN",4,0,Consistent single-device user,Not Fraud
user_5982,Loan Application,2682.49,08-03-2025 18:10,Mobile-iOS,"Bangalore, IN",9,1,Regular user - consistent pattern,Not Fraud
user_6785,ATM Withdrawal,233.4,02-07-2025 08:59,Tablet,"Toronto, CA",9,2,Occasional user - sporadic activity,Not Fraud
user_1674,Password Change,0,05-04-2025 15:28,Mobile-iOS,"Houston, US",4,1,Dormant account - reactivated,Not Fraud
user_7109,Card Swipe,274.53,24-08-2025 08:19,Mobile-Android,"Delhi, IN",2,0,Consistent single-device user,Not Fraud
user_1070,Wallet Top-up,2926.93,02-05-2025 11:45,Desktop-Windows,"Kolkata, IN",4,5,Occasional user - sporadic activity,Not Fraud
user_8243,Password Change,0,19-08-2025 17:46,Mobile-Android,"Chicago, US",3,0,Multiple device switches,Not Fraud
user_8306,Password Change,0,14-06-2025 07:03,Mobile-iOS,"Lagos, NG",1,3,Recently flagged - suspicious history,Fraud
user_1369,Money Transfer,10791.33,12-05-2025 13:42,Desktop-Mac,"Houston, US",2,0,Regular user - consistent pattern,Not Fraud
user_7513,Bill Payment,2149.31,04-01-2025 12:24,Desktop-Windows,"Mumbai, IN",2,0,New user - no history,Not Fraud
user_8278,Add Beneficiary,0,26-07-2025 19:18,POS-Terminal,"Kolkata, IN",2,2,Occasional user - sporadic activity,Not Fraud
user_2410,Bill Payment,627.31,27-03-2025 13:55,Mobile-Android,Unknown Location,3,0,Regular user - consistent pattern,Not Fraud
user_7791,Bill Payment,1669.66,05-02-2025 17:48,Mobile-iOS,"Houston, US",2,0,Regular user - consistent pattern,Not Fraud
user_5979,Card Swipe,284.05,01-01-2025 13:01,Mobile-iOS,"London, UK",8,2,Consistent single-device user,Not Fraud
user_5713,Add Beneficiary,0,15-06-2025 09:58,Mobile-iOS,"New York, US",4,0,New user - no history,Not Fraud
user_6927,Loan Application,9635.69,25-06-2025 13:16,Desktop-Mac,"Kolkata, IN",5,0,Regular user - consistent pattern,Not Fraud
user_3668,Loan Application,1217.28,04-02-2025 11:56,Desktop-Windows,"Houston, US",1,0,Dormant account - reactivated,Not Fraud
user_5749,ATM Withdrawal,269.51,16-07-2025 22:32,POS-Terminal,"Houston, US",1,1,Dormant account - reactivated,Not Fraud
user_5932,ATM Withdrawal,345.87,29-05-2025 17:06,Desktop-Windows,"Dubai, AE",1,0,Dormant account - reactivated,Not Fraud
user_7750,Password Change,0,25-02-2025 21:10,Mobile-iOS,"Sydney, AU",5,1,New user - no history,Not Fraud
user_8544,Money Transfer,2375.48,31-03-2025 08:01,Desktop-Windows,"Beijing, CN",1,0,Dormant account - reactivated,Not Fraud
user_5991,Login,0,02-02-2025 18:07,ATM,"Beijing, CN",3,0,Frequent user - daily activity,Not Fraud
user_2287,Add Beneficiary,0,20-01-2025 17:50,Mobile-Android,"Berlin, DE",4,0,New user - no history,Not Fraud
user_1971,Card Swipe,68.27,20-06-2025 10:04,Mobile-Android,"Sao Paulo, BR",4,3,Frequent user - daily activity,Not Fraud
user_4027,Password Change,0,11-07-2025 01:09,Desktop-Windows,"Kolkata, IN",2,0,Frequent user - daily activity,Not Fraud
user_2119,Money Transfer,16400.75,03-07-2025 18:33,Mobile-iOS,"Kolkata, IN",1,1,Regular user - consistent pattern,Not Fraud
user_4506,Wallet Top-up,2554.63,17-02-2025 13:44,Desktop-Mac,"Beijing, CN",1,2,Multiple device switches,Not Fraud
user_4510,Wallet Top-up,686.52,30-04-2025 07:20,Mobile-Android,"Sydney, AU",2,0,Recently flagged - suspicious history,Not Fraud
user_2347,Password Change,0,27-04-2025 13:24,Tablet,"Sao Paulo, BR",3,2,Frequent user - daily activity,Not Fraud
user_8011,Online Purchase,2571.04,29-08-2025 20:51,POS-Terminal,"Mumbai, IN",1,1,New user - no history,Not Fraud
user_8177,Wallet Top-up,1977.35,13-04-2025 06:09,POS-Terminal,"Lagos, NG",1,3,Occasional user - sporadic activity,Not Fraud
user_6959,Online Purchase,1019.2,01-03-2025 15:25,ATM,"Delhi, IN",2,1,Recently flagged - suspicious history,Not Fraud
user_6834,Card Swipe,336.67,13-03-2025 22:31,Mobile-iOS,"Berlin, DE",1,0,Consistent single-device user,Not Fraud
user_3205,Login,0,18-01-2025 07:03,Desktop-Mac,"Beijing, CN",9,0,Dormant account - reactivated,Not Fraud
user_5960,Loan Application,12483.49,14-05-2025 18:42,ATM,"Sydney, AU",2,0,Consistent single-device user,Not Fraud
user_9270,ATM Withdrawal,275.79,05-01-2025 19:34,ATM,"New York, US",2,3,Multiple device switches,Not Fraud
user_6153,Add Beneficiary,0,15-02-2025 13:02,Tablet,"Beijing, CN",4,2,Occasional user - sporadic activity,Not Fraud
user_6119,Add Beneficiary,0,22-06-2025 13:07,Desktop-Mac,"Beijing, CN",3,0,Consistent single-device user,Not Fraud
user_3560,Wallet Top-up,171.93,07-06-2025 10:37,POS-Terminal,"Mumbai, IN",9,0,Regular user - consistent pattern,Not Fraud
user_1739,Bill Payment,2511.62,07-01-2025 11:47,ATM,"Singapore, SG",2,0,Dormant account - reactivated,Not Fraud
user_7749,Password Change,0,02-03-2025 04:15,POS-Terminal,"Toronto, CA",1,1,Recently flagged - suspicious history,Not Fraud
user_6531,Bill Payment,64.04,10-08-2025 11:29,Desktop-Mac,"Lagos, NG",6,0,Consistent single-device user,Not Fraud
user_1364,Password Change,0,27-05-2025 12:24,Mobile-Android,"Berlin, DE",1,1,Dormant account - reactivated,Not Fraud
user_3730,Loan Application,6025.44,12-06-2025 23:12,ATM,"Kolkata, IN",1,2,Frequent user - daily activity,Not Fraud
user_5344,Login,0,25-07-2025 11:36,Mobile-iOS,"Moscow, RU",8,1,New user - no history,Fraud
user_6518,ATM Withdrawal,42.96,23-02-2025 19:30,Desktop-Windows,"Berlin, DE",3,0,Recently flagged - suspicious history,Not Fraud
user_9846,Password Change,0,09-06-2025 09:25,Tablet,"Bangalore, IN",4,0,Regular user - consistent pattern,Not Fraud
user_4056,Loan Application,10009.11,29-08-2025 16:52,Desktop-Mac,"London, UK",3,2,Multiple device switches,Fraud
user_1981,Wallet Top-up,605.94,11-07-2025 13:15,POS-Terminal,"Berlin, DE",5,0,New user - no history,Not Fraud
user_7757,ATM Withdrawal,413.62,03-06-2025 16:16,Mobile-iOS,"Delhi, IN",1,0,Frequent user - daily activity,Not Fraud
user_8604,Card Swipe,284.31,10-01-2025 13:41,Mobile-iOS,"Chicago, US",1,0,Recently flagged - suspicious history,Not Fraud
user_3883,Login,0,06-01-2025 22:31,Mobile-Android,"Dubai, AE",1,0,New user - no history,Not Fraud
user_6954,Money Transfer,7968.06,02-03-2025 19:53,Mobile-Android,"Lagos, NG",2,0,Recently flagged - suspicious history,Fraud
user_4900,Loan Application,2489.42,30-05-2025 19:21,POS-Terminal,"Delhi, IN",4,0,Multiple device switches,Not Fraud
user_3363,Money Transfer,3544.33,07-03-2025 23:28,ATM,"Lagos, NG",2,0,New user - no history,Fraud
user_9941,Add Beneficiary,0,14-08-2025 13:15,ATM,Tor Exit Node,2,1,Recently flagged - suspicious history,Not Fraud
user_1570,Login,0,03-03-2025 17:50,Desktop-Windows,"Lagos, NG",2,4,Dormant account - reactivated,Fraud
user_9763,Online Purchase,2573.65,26-08-2025 12:58,Desktop-Windows,"Toronto, CA",7,1,Recently flagged - suspicious history,Not Fraud
user_3625,Card Swipe,319.36,15-04-2025 20:49,ATM,"New York, US",5,2,Consistent single-device user,Not Fraud
user_7765,Password Change,0,29-07-2025 17:56,Mobile-Android,"Dubai, AE",3,0,Dormant account - reactivated,Not Fraud
user_6353,Card Swipe,350.65,17-02-2025 18:41,POS-Terminal,"Bangalore, IN",3,0,Frequent user - daily activity,Not Fraud
user_6140,Loan Application,1690.53,16-07-2025 08:33,ATM,"Beijing, CN",1,0,Multiple device switches,Not Fraud
user_8397,Card Swipe,438.02,01-06-2025 08:11,ATM,"Mumbai, IN",1,0,Dormant account - reactivated,Not Fraud
user_7447,Add Beneficiary,0,27-02-2025 22:56,Mobile-Android,"Kolkata, IN",7,0,Frequent user - daily activity,Not Fraud
user_4248,ATM Withdrawal,353.62,20-04-2025 09:25,Tablet,"London, UK",1,0,New user - no history,Not Fraud
user_8129,Card Swipe,415.36,22-02-2025 13:14,Mobile-iOS,"Kolkata, IN",5,0,Consistent single-device user,Not Fraud
user_3133,Add Beneficiary,0,30-07-2025 20:38,Desktop-Windows,"Sao Paulo, BR",1,0,Occasional user - sporadic activity,Not Fraud
user_5754,ATM Withdrawal,125.39,30-05-2025 13:15,POS-Terminal,"Moscow, RU",1,0,Dormant account - reactivated,Not Fraud
user_4476,Add Beneficiary,0,07-03-2025 17:47,Mobile-Android,"Los Angeles, US",1,0,Frequent user - daily activity,Not Fraud
user_1745,Login,0,19-03-2025 10:39,Desktop-Mac,"Beijing, CN",1,2,Regular user - consistent pattern,Not Fraud
user_3938,ATM Withdrawal,93.23,30-04-2025 13:21,Mobile-iOS,"Los Angeles, US",4,0,Recently flagged - suspicious history,Not Fraud
user_6132,Login,0,02-08-2025 23:31,Desktop-Windows,"Sao Paulo, BR",7,0,Recently flagged - suspicious history,Fraud
user_5321,Wallet Top-up,942.47,06-05-2025 20:20,ATM,"Kolkata, IN",3,3,Consistent single-device user,Not Fraud
user_4095,Bill Payment,168.43,11-02-2025 09:30,POS-Terminal,"Bangalore, IN",1,2,Consistent single-device user,Not Fraud
user_8233,Password Change,0,28-04-2025 23:35,Desktop-Mac,"Chicago, US",4,0,Dormant account - reactivated,Not Fraud
user_4337,ATM Withdrawal,98.52,11-03-2025 09:32,Tablet,"Singapore, SG",3,0,Regular user - consistent pattern,Not Fraud
user_3958,Add Beneficiary,0,08-05-2025 21:15,POS-Terminal,"Los Angeles, US",2,0,New user - no history,Not Fraud
user_7120,Loan Application,18586.51,08-01-2025 07:20,Mobile-Android,"Bangalore, IN",4,0,Recently flagged - suspicious history,Not Fraud
user_6397,Login,0,07-07-2025 16:28,POS-Terminal,"Singapore, SG",4,0,Regular user - consistent pattern,Not Fraud
user_6294,Login,0,08-04-2025 18:35,Mobile-Android,"Delhi, IN",1,4,Multiple device switches,Fraud
user_3669,Add Beneficiary,0,12-07-2025 18:18,POS-Terminal,"Chicago, US",1,2,Recently flagged - suspicious history,Not Fraud
user_3151,Password Change,0,12-05-2025 17:53,Mobile-iOS,"Sydney, AU",6,0,Multiple device switches,Not Fraud
user_7922,Password Change,0,20-04-2025 16:27,Mobile-Android,"New York, US",2,0,Frequent user - daily activity,Not Fraud
user_9115,Wallet Top-up,1890.53,22-04-2025 14:18,Mobile-Android,"Singapore, SG",2,0,Occasional user - sporadic activity,Not Fraud
user_5073,Wallet Top-up,1286.06,23-08-2025 15:35,Mobile-Android,"Sydney, AU",2,0,Consistent single-device user,Not Fraud
user_5151,Password Change,0,09-05-2025 10:05,Mobile-Android,"Chicago, US",3,0,Occasional user - sporadic activity,Not Fraud
user_2364,Add Beneficiary,0,31-05-2025 20:19,POS-Terminal,"Bangalore, IN",3,0,Recently flagged - suspicious history,Not Fraud
user_4066,Online Purchase,559.34,12-08-2025 18:38,POS-Terminal,"Los Angeles, US",2,0,New user - no history,Not Fraud
user_3813,Card Swipe,235.48,04-06-2025 12:42,POS-Terminal,"Sydney, AU",3,4,Dormant account - reactivated,Not Fraud
user_5958,Money Transfer,2545.54,05-01-2025 00:07,POS-Terminal,"Kolkata, IN",5,0,Occasional user - sporadic activity,Not Fraud
user_8139,Wallet Top-up,576.79,02-05-2025 11:29,Desktop-Mac,"New York, US",1,0,Consistent single-device user,Not Fraud
user_8724,Login,0,21-02-2025 20:37,Desktop-Windows,"Lagos, NG",5,0,Regular user - consistent pattern,Not Fraud
user_8074,Add Beneficiary,0,02-06-2025 20:47,POS-Terminal,"Lagos, NG",1,0,Consistent single-device user,Not Fraud
user_8993,Online Purchase,2144.3,22-03-2025 14:27,Tablet,"Los Angeles, US",6,0,Consistent single-device user,Not Fraud
user_6681,Card Swipe,351.78,19-02-2025 00:18,Desktop-Mac,"Mumbai, IN",1,0,Dormant account - reactivated,Not Fraud
user_8675,Bill Payment,2650.1,02-08-2025 17:24,POS-Terminal,"Beijing, CN",2,0,Occasional user - sporadic activity,Not Fraud
user_4394,ATM Withdrawal,348.44,14-02-2025 06:30,Mobile-iOS,"Chicago, US",2,1,Consistent single-device user,Not Fraud
user_4845,Online Purchase,1672.71,08-03-2025 23:22,Desktop-Windows,"Beijing, CN",1,2,Regular user - consistent pattern,Not Fraud
user_6533,Add Beneficiary,0,24-05-2025 07:14,Mobile-iOS,"Bangalore, IN",10,1,Regular user - consistent pattern,Not Fraud
user_5382,Bill Payment,2560.96,27-01-2025 20:38,POS-Terminal,"New York, US",7,1,New user - no history,Not Fraud
user_2669,Wallet Top-up,130.7,11-08-2025 07:40,Mobile-iOS,"Singapore, SG",1,0,Consistent single-device user,Not Fraud
user_9165,Money Transfer,3128.2,01-02-2025 12:52,ATM,"Houston, US",8,1,Regular user - consistent pattern,Not Fraud
user_8760,Password Change,0,10-03-2025 10:10,Desktop-Windows,"Sao Paulo, BR",2,0,Frequent user - daily activity,Not Fraud
user_9677,Add Beneficiary,0,20-04-2025 18:08,Desktop-Mac,"Singapore, SG",6,4,Dormant account - reactivated,Not Fraud
user_8251,Bill Payment,2311.6,22-01-2025 17:33,Desktop-Windows,"Toronto, CA",9,0,Regular user - consistent pattern,Not Fraud
user_1607,Bill Payment,2708.02,24-07-2025 04:40,POS-Terminal,"Singapore, SG",9,0,Recently flagged - suspicious history,Fraud
user_6638,Login,0,06-06-2025 19:57,Mobile-iOS,"Beijing, CN",2,0,Consistent single-device user,Not Fraud
user_7627,Online Purchase,2643.52,10-04-2025 06:34,POS-Terminal,"Sao Paulo, BR",6,0,Recently flagged - suspicious history,Not Fraud
user_2520,Wallet Top-up,1657.6,10-02-2025 14:48,Mobile-Android,"New York, US",4,0,Frequent user - daily activity,Not Fraud
user_7926,Wallet Top-up,335.77,10-06-2025 04:23,Tablet,"Mumbai, IN",1,1,New user - no history,Not Fraud
user_1085,Card Swipe,176.1,25-05-2025 10:47,POS-Terminal,"Singapore, SG",3,0,Frequent user - daily activity,Not Fraud
user_5902,ATM Withdrawal,336.79,05-02-2025 19:36,POS-Terminal,"Mumbai, IN",4,0,Frequent user - daily activity,Not Fraud
user_8443,Money Transfer,2973.74,24-01-2025 12:26,Mobile-Android,"Delhi, IN",1,0,New user - no history,Not Fraud
user_7598,Loan Application,11201.42,30-05-2025 18:55,Desktop-Mac,"Moscow, RU",10,1,Consistent single-device user,Fraud
user_3668,Bill Payment,1519.83,30-06-2025 13:29,Tablet,"Dubai, AE",1,0,Consistent single-device user,Not Fraud
user_7051,Money Transfer,12051.92,27-05-2025 12:07,Desktop-Windows,"New York, US",1,0,Dormant account - reactivated,Not Fraud
user_5816,Card Swipe,23.71,18-04-2025 08:50,Mobile-Android,Tor Exit Node,2,0,Occasional user - sporadic activity,Not Fraud
user_1034,Money Transfer,10973.37,04-05-2025 05:02,Tablet,"Toronto, CA",2,0,Multiple device switches,Fraud
user_3175,Bill Payment,1516.77,25-04-2025 13:28,Mobile-iOS,"Singapore, SG",2,1,Multiple device switches,Not Fraud
user_4814,Add Beneficiary,0,16-08-2025 11:02,Desktop-Mac,"Sao Paulo, BR",3,2,Regular user - consistent pattern,Not Fraud
user_6060,Wallet Top-up,1937.25,08-06-2025 16:05,Tablet,"Lagos, NG",1,0,Frequent user - daily activity,Not Fraud
user_1305,Money Transfer,13182.18,21-07-2025 14:01,Mobile-iOS,"London, UK",4,2,Consistent single-device user,Not Fraud
user_9741,Loan Application,6442.6,28-08-2025 15:31,Mobile-Android,"Mumbai, IN",1,0,Dormant account - reactivated,Not Fraud
user_2878,Money Transfer,10858.5,16-07-2025 10:11,Mobile-Android,"Chicago, US",8,1,Regular user - consistent pattern,Not Fraud
user_3973,Login,0,26-01-2025 17:19,Desktop-Windows,"Chicago, US",6,0,New user - no history,Not Fraud
user_4318,Online Purchase,2257.64,12-07-2025 15:31,Tablet,"Delhi, IN",1,0,Consistent single-device user,Not Fraud
user_8932,Login,0,15-08-2025 12:14,Mobile-Android,"London, UK",8,1,Frequent user - daily activity,Not Fraud
user_5990,Loan Application,8164.58,22-02-2025 06:40,ATM,"Kolkata, IN",2,5,Frequent user - daily activity,Fraud
user_7942,Wallet Top-up,1357.97,08-06-2025 00:29,Desktop-Windows,"Beijing, CN",1,0,Consistent single-device user,Not Fraud
user_5110,Add Beneficiary,0,24-02-2025 23:53,Tablet,"Dubai, AE",1,0,New user - no history,Not Fraud
user_3014,Bill Payment,2176.6,23-02-2025 23:56,Tablet,"Sydney, AU",5,2,Dormant account - reactivated,Fraud
user_5473,Online Purchase,1988.52,03-06-2025 11:13,Desktop-Windows,"New York, US",3,0,Regular user - consistent pattern,Not Fraud
user_8807,Login,0,16-04-2025 21:43,Tablet,"Singapore, SG",4,1,New user - no history,Not Fraud
user_9825,Login,0,24-04-2025 20:52,POS-Terminal,"Chicago, US",9,0,Dormant account - reactivated,Not Fraud
user_3903,Login,0,19-02-2025 08:23,Desktop-Mac,"New York, US",4,1,Dormant account - reactivated,Not Fraud
user_2474,Loan Application,12523.47,07-05-2025 19:14,Desktop-Windows,"New York, US",2,1,Frequent user - daily activity,Not Fraud
user_4212,Add Beneficiary,0,09-05-2025 07:17,Desktop-Mac,"Houston, US",1,1,Occasional user - sporadic activity,Not Fraud
user_3101,Money Transfer,2592.25,14-08-2025 21:54,Tablet,"Sao Paulo, BR",1,2,Regular user - consistent pattern,Not Fraud
user_5143,Wallet Top-up,2649.89,22-06-2025 00:27,POS-Terminal,"New York, US",7,0,Multiple device switches,Fraud
user_2994,Wallet Top-up,1402.43,15-08-2025 12:48,POS-Terminal,"London, UK",1,0,Consistent single-device user,Not Fraud
user_1084,Add Beneficiary,0,27-05-2025 09:05,ATM,"New York, US",4,4,Multiple device switches,Not Fraud
user_5095,Online Purchase,497.62,25-01-2025 11:40,Mobile-Android,"Bangalore, IN",5,0,Dormant account - reactivated,Not Fraud
user_2766,Card Swipe,126.8,27-03-2025 11:03,Tablet,"Berlin, DE",7,1,Consistent single-device user,Not Fraud
user_3045,Money Transfer,19491.79,16-08-2025 21:24,ATM,"Beijing, CN",4,0,Consistent single-device user,Not Fraud
user_5939,Loan Application,12542.39,24-05-2025 05:43,Mobile-Android,"Toronto, CA",2,0,Multiple device switches,Fraud
user_1173,Card Swipe,198.12,08-06-2025 19:56,Mobile-Android,"Mumbai, IN",7,1,Consistent single-device user,Not Fraud
user_4153,Money Transfer,2098.66,22-07-2025 15:04,ATM,"Houston, US",3,0,Recently flagged - suspicious history,Not Fraud
user_7897,Card Swipe,365.07,24-07-2025 13:15,Mobile-Android,"Los Angeles, US",2,0,Dormant account - reactivated,Not Fraud
user_3385,Bill Payment,1411.22,03-01-2025 15:18,Tablet,"Lagos, NG",3,0,Regular user - consistent pattern,Not Fraud
user_4282,Online Purchase,2356.87,27-06-2025 11:42,POS-Terminal,"Kolkata, IN",3,0,Dormant account - reactivated,Not Fraud
user_5909,Add Beneficiary,0,13-08-2025 11:06,ATM,"Singapore, SG",2,3,Frequent user - daily activity,Not Fraud
user_8643,Loan Application,4302.11,26-03-2025 13:49,ATM,"Sao Paulo, BR",1,0,Regular user - consistent pattern,Not Fraud
user_1162,Money Transfer,7189.84,23-04-2025 15:09,Mobile-iOS,"Moscow, RU",6,0,Regular user - consistent pattern,Not Fraud
user_4241,ATM Withdrawal,95.33,28-03-2025 20:46,ATM,"Lagos, NG",1,0,Recently flagged - suspicious history,Not Fraud
user_1343,Bill Payment,1139.87,28-08-2025 18:07,Mobile-iOS,"Toronto, CA",1,2,Occasional user - sporadic activity,Not Fraud
user_8106,Money Transfer,2413.94,18-02-2025 20:08,Mobile-iOS,"Sydney, AU",3,0,Multiple device switches,Not Fraud
user_1756,Loan Application,11767.15,08-02-2025 20:18,Desktop-Windows,"London, UK",3,0,Occasional user - sporadic activity,Not Fraud
user_9011,Online Purchase,2183.26,07-06-2025 18:50,Mobile-Android,"Houston, US",2,2,Dormant account - reactivated,Not Fraud
user_3932,Password Change,0,04-05-2025 17:33,POS-Terminal,"Kolkata, IN",2,0,Regular user - consistent pattern,Not Fraud
user_4596,Online Purchase,1358.98,19-04-2025 10:13,Desktop-Mac,"Lagos, NG",7,0,New user - no history,Fraud
user_2376,ATM Withdrawal,227.81,30-04-2025 11:37,Tablet,"Moscow, RU",2,0,Multiple device switches,Not Fraud
user_6194,ATM Withdrawal,197.36,15-06-2025 09:14,Mobile-Android,"Mumbai, IN",1,2,New user - no history,Not Fraud
user_2612,Money Transfer,1473.41,20-02-2025 01:12,POS-Terminal,"Mumbai, IN",2,2,Recently flagged - suspicious history,Fraud
user_3258,Wallet Top-up,2737.59,30-07-2025 00:19,Desktop-Windows,"Berlin, DE",2,0,Regular user - consistent pattern,Not Fraud
user_9399,Bill Payment,2597.07,23-02-2025 10:46,Desktop-Mac,"London, UK",3,0,Consistent single-device user,Not Fraud
user_6581,Money Transfer,6295.84,17-04-2025 09:49,Mobile-iOS,"Bangalore, IN",5,0,Occasional user - sporadic activity,Not Fraud
user_3102,ATM Withdrawal,472.24,02-08-2025 00:51,Desktop-Windows,"Mumbai, IN",2,1,Multiple device switches,Not Fraud
user_5909,Password Change,0,09-01-2025 15:36,Mobile-iOS,"Chicago, US",8,0,Multiple device switches,Not Fraud
user_4345,Add Beneficiary,0,02-05-2025 04:24,Mobile-Android,"Mumbai, IN",8,0,Recently flagged - suspicious history,Fraud
user_3910,Login,0,07-01-2025 19:38,Mobile-iOS,"Houston, US",6,0,Frequent user - daily activity,Not Fraud
user_5769,Wallet Top-up,214.59,13-02-2025 04:33,Desktop-Windows,"Dubai, AE",2,0,New user - no history,Not Fraud
user_9789,Add Beneficiary,0,20-08-2025 13:04,ATM,"Houston, US",6,0,Consistent single-device user,Not Fraud
user_6084,Loan Application,4099.31,21-02-2025 17:29,Mobile-Android,"Kolkata, IN",2,2,Frequent user - daily activity,Not Fraud
user_9043,Card Swipe,236.72,15-06-2025 01:05,Desktop-Mac,"Mumbai, IN",5,1,Multiple device switches,Fraud
user_3869,Add Beneficiary,0,07-07-2025 10:57,Desktop-Mac,"Bangalore, IN",6,0,New user - no history,Not Fraud
user_1715,Online Purchase,2657.2,18-05-2025 08:56,Desktop-Windows,"Beijing, CN",1,1,Frequent user - daily activity,Not Fraud
user_7738,Wallet Top-up,368.09,10-05-2025 12:48,ATM,"Berlin, DE",2,0,Frequent user - daily activity,Not Fraud
user_1731,Card Swipe,23.09,29-04-2025 16:43,Desktop-Mac,"Mumbai, IN",2,0,Regular user - consistent pattern,Not Fraud
user_5105,Money Transfer,14196.54,29-04-2025 08:42,Desktop-Mac,"Bangalore, IN",1,1,Consistent single-device user,Not Fraud
user_8713,ATM Withdrawal,422.37,26-01-2025 09:01,Mobile-iOS,"Toronto, CA",2,0,New user - no history,Not Fraud
user_5476,Bill Payment,1324.77,17-08-2025 09:45,POS-Terminal,"Sydney, AU",2,0,New user - no history,Not Fraud
user_6051,Card Swipe,35.68,16-07-2025 00:49,Mobile-iOS,Unknown Location,2,0,New user - no history,Not Fraud
user_7908,Login,0,19-02-2025 23:21,POS-Terminal,"Beijing, CN",1,2,Occasional user - sporadic activity,Not Fraud
user_1721,Add Beneficiary,0,24-03-2025 14:52,Tablet,"Moscow, RU",3,3,Multiple device switches,Fraud
user_4807,Online Purchase,322.13,17-06-2025 11:00,Desktop-Windows,"New York, US",1,0,Recently flagged - suspicious history,Not Fraud
user_7045,Login,0,19-03-2025 05:13,ATM,"Moscow, RU",9,0,Occasional user - sporadic activity,Not Fraud
user_2552,Loan Application,6520.87,25-08-2025 16:24,ATM,"Beijing, CN",2,0,Dormant account - reactivated,Not Fraud
user_2106,Password Change,0,25-04-2025 00:58,Desktop-Mac,"Sydney, AU",4,0,Regular user - consistent pattern,Not Fraud
user_1347,Loan Application,15190.87,20-04-2025 08:15,ATM,"London, UK",1,0,Consistent single-device user,Not Fraud
user_4309,Bill Payment,1130.37,05-07-2025 16:15,Tablet,"Kolkata, IN",2,2,Occasional user - sporadic activity,Not Fraud
user_9533,Add Beneficiary,0,07-01-2025 16:18,Mobile-iOS,"Dubai, AE",2,0,Regular user - consistent pattern,Not Fraud
user_4644,Loan Application,17460.48,11-06-2025 14:11,Mobile-Android,"Los Angeles, US",2,4,Regular user - consistent pattern,Fraud
user_4345,Bill Payment,279.82,27-08-2025 15:53,Mobile-iOS,"London, UK",1,1,Recently flagged - suspicious history,Not Fraud
user_4236,Online Purchase,1274.93,28-05-2025 15:19,Desktop-Mac,"Kolkata, IN",1,2,Consistent single-device user,Not Fraud
user_6891,Add Beneficiary,0,19-04-2025 12:30,Tablet,"Moscow, RU",2,0,Consistent single-device user,Not Fraud
user_8002,Money Transfer,15189.22,09-02-2025 21:38,Tablet,"Sao Paulo, BR",1,0,Consistent single-device user,Not Fraud
user_8878,Money Transfer,6698.02,23-08-2025 17:12,Mobile-iOS,"New York, US",5,1,Dormant account - reactivated,Not Fraud
user_7628,Add Beneficiary,0,09-04-2025 22:47,Desktop-Mac,"Toronto, CA",9,0,Regular user - consistent pattern,Not Fraud
user_7304,Loan Application,3289.13,22-08-2025 18:16,ATM,"Sao Paulo, BR",2,0,Dormant account - reactivated,Not Fraud
user_7313,Add Beneficiary,0,09-01-2025 18:15,ATM,"Mumbai, IN",4,0,Occasional user - sporadic activity,Not Fraud
user_8462,Bill Payment,766.59,11-02-2025 15:42,Mobile-Android,"Chicago, US",1,1,Multiple device switches,Not Fraud
user_2316,Wallet Top-up,2730.3,20-04-2025 20:10,Desktop-Windows,"Beijing, CN",2,0,Multiple device switches,Not Fraud
user_6045,Add Beneficiary,0,11-08-2025 18:59,Mobile-Android,"Chicago, US",3,1,Occasional user - sporadic activity,Not Fraud
user_7520,ATM Withdrawal,13.15,25-01-2025 09:31,Mobile-Android,"Berlin, DE",2,0,Recently flagged - suspicious history,Not Fraud
user_3890,Password Change,0,05-05-2025 09:08,Mobile-iOS,"Sydney, AU",1,0,Frequent user - daily activity,Not Fraud
user_4292,Login,0,19-02-2025 18:51,Desktop-Windows,"Kolkata, IN",6,0,New user - no history,Not Fraud
user_2307,ATM Withdrawal,52,08-01-2025 08:04,Tablet,"London, UK",2,1,Regular user - consistent pattern,Not Fraud
user_1685,Money Transfer,4260.81,14-05-2025 18:24,ATM,"London, UK",2,1,Multiple device switches,Not Fraud
user_7074,Password Change,0,29-08-2025 23:52,Desktop-Windows,"Beijing, CN",2,0,Dormant account - reactivated,Not Fraud
user_2641,Login,0,05-07-2025 13:44,ATM,"Singapore, SG",1,0,Recently flagged - suspicious history,Not Fraud
user_7036,Card Swipe,312.99,16-04-2025 16:30,POS-Terminal,"Houston, US",9,4,Dormant account - reactivated,Not Fraud
user_6901,Login,0,23-06-2025 23:47,Desktop-Mac,"London, UK",2,1,New user - no history,Not Fraud
user_8010,Card Swipe,493.57,07-07-2025 20:57,Desktop-Mac,"Toronto, CA",1,0,Regular user - consistent pattern,Not Fraud
user_9158,Money Transfer,6061.9,30-04-2025 17:35,Mobile-iOS,"Singapore, SG",8,0,Frequent user - daily activity,Not Fraud
user_4467,Bill Payment,2260.99,22-04-2025 16:05,POS-Terminal,"New York, US",7,0,Multiple device switches,Not Fraud
user_4610,ATM Withdrawal,336.31,20-06-2025 22:42,Mobile-iOS,Unknown Location,3,0,Dormant account - reactivated,Not Fraud
user_2059,Password Change,0,08-07-2025 12:45,POS-Terminal,"Delhi, IN",3,0,Multiple device switches,Not Fraud
user_4662,ATM Withdrawal,66.69,09-07-2025 06:05,Tablet,Tor Exit Node,4,0,Dormant account - reactivated,Not Fraud
user_7229,Loan Application,14751.51,18-02-2025 11:37,ATM,"Delhi, IN",2,1,Occasional user - sporadic activity,Not Fraud
user_4639,Money Transfer,7936.48,07-02-2025 14:29,ATM,Tor Exit Node,5,0,Consistent single-device user,Not Fraud
user_5643,Bill Payment,2242.44,09-01-2025 20:52,Tablet,"Toronto, CA",2,1,Recently flagged - suspicious history,Not Fraud
user_8836,Online Purchase,1487.6,27-07-2025 17:24,Desktop-Windows,"Chicago, US",4,2,Frequent user - daily activity,Not Fraud
user_3933,Card Swipe,366.42,22-08-2025 11:52,ATM,"Chicago, US",1,0,Multiple device switches,Not Fraud
user_6706,Add Beneficiary,0,14-03-2025 12:33,Desktop-Windows,"Beijing, CN",1,2,Multiple device switches,Not Fraud
user_3144,Password Change,0,26-07-2025 18:37,Mobile-Android,"Dubai, AE",4,0,Occasional user - sporadic activity,Not Fraud
user_8904,ATM Withdrawal,449.64,20-02-2025 09:51,POS-Terminal,"Beijing, CN",2,2,New user - no history,Not Fraud
user_7169,Add Beneficiary,0,15-01-2025 17:10,Mobile-Android,"Mumbai, IN",2,3,New user - no history,Not Fraud
user_8107,Bill Payment,1882.78,03-03-2025 12:02,Desktop-Mac,"Sydney, AU",3,4,Multiple device switches,Not Fraud
user_8596,Add Beneficiary,0,05-04-2025 10:41,Mobile-Android,"Chicago, US",1,0,Frequent user - daily activity,Not Fraud
user_8856,ATM Withdrawal,349.93,09-04-2025 07:37,Desktop-Mac,"Kolkata, IN",4,0,Occasional user - sporadic activity,Not Fraud
user_6328,Money Transfer,14289.67,14-04-2025 20:34,ATM,"Beijing, CN",2,2,Consistent single-device user,Not Fraud
user_9501,Loan Application,10802.69,12-07-2025 19:41,ATM,"Houston, US",3,0,Occasional user - sporadic activity,Not Fraud
user_8327,Password Change,0,22-02-2025 08:08,POS-Terminal,"Chicago, US",3,2,Regular user - consistent pattern,Not Fraud
user_3043,Wallet Top-up,899.24,18-06-2025 22:10,Mobile-Android,"London, UK",1,3,Recently flagged - suspicious history,Not Fraud
user_3291,Loan Application,9834.33,05-06-2025 11:58,Tablet,"Sydney, AU",3,1,Regular user - consistent pattern,Not Fraud
user_3321,ATM Withdrawal,429.48,22-05-2025 09:08,Mobile-iOS,"Lagos, NG",1,1,Multiple device switches,Not Fraud
user_5177,ATM Withdrawal,197.07,22-01-2025 21:25,Desktop-Windows,"Beijing, CN",7,0,Frequent user - daily activity,Not Fraud
user_5413,Online Purchase,2144.76,11-05-2025 15:41,Tablet,"Houston, US",5,0,Multiple device switches,Not Fraud
user_5055,Money Transfer,5439,15-04-2025 14:43,Mobile-Android,"Mumbai, IN",1,3,Recently flagged - suspicious history,Not Fraud
user_5483,Login,0,27-01-2025 07:14,ATM,Unknown Location,1,1,Recently flagged - suspicious history,Fraud
user_9021,Money Transfer,10602.75,22-05-2025 17:55,Desktop-Windows,"Moscow, RU",6,0,Multiple device switches,Fraud
user_6655,Wallet Top-up,1657.26,01-06-2025 20:25,Mobile-iOS,"London, UK",3,1,Occasional user - sporadic activity,Not Fraud
user_7206,Loan Application,14721.68,05-04-2025 03:46,POS-Terminal,"Berlin, DE",3,0,Consistent single-device user,Not Fraud
user_8191,Password Change,0,12-03-2025 19:32,Desktop-Mac,"Sydney, AU",4,3,Frequent user - daily activity,Not Fraud
user_2424,ATM Withdrawal,209.19,21-01-2025 11:05,Mobile-Android,"Sao Paulo, BR",7,0,Regular user - consistent pattern,Not Fraud
user_9074,Login,0,11-05-2025 22:27,POS-Terminal,"Chicago, US",2,1,New user - no history,Not Fraud
user_1227,Loan Application,3844.17,19-04-2025 19:00,POS-Terminal,"Sydney, AU",2,5,Regular user - consistent pattern,Fraud
user_8350,Bill Payment,2025.19,27-02-2025 20:33,Mobile-iOS,"Los Angeles, US",5,0,Regular user - consistent pattern,Not Fraud
user_9118,Add Beneficiary,0,22-08-2025 09:07,POS-Terminal,"London, UK",2,1,New user - no history,Not Fraud
user_5901,Card Swipe,153.84,26-05-2025 09:47,Desktop-Mac,"London, UK",2,3,Regular user - consistent pattern,Not Fraud
user_8999,Login,0,26-03-2025 11:39,Desktop-Windows,"Mumbai, IN",1,2,Occasional user - sporadic activity,Not Fraud
user_6808,Login,0,22-01-2025 07:31,Tablet,"Sydney, AU",1,0,Consistent single-device user,Not Fraud
user_4704,Card Swipe,203.73,16-02-2025 11:27,Tablet,"Dubai, AE",1,0,Consistent single-device user,Not Fraud
user_8110,Login,0,20-02-2025 11:55,Mobile-Android,"Houston, US",1,0,Dormant account - reactivated,Not Fraud
user_4260,Card Swipe,480.25,06-05-2025 23:07,Tablet,"Sydney, AU",3,0,Multiple device switches,Not Fraud
user_3153,Money Transfer,19155.69,30-03-2025 19:08,Tablet,"New York, US",3,0,Dormant account - reactivated,Not Fraud
user_1131,Add Beneficiary,0,22-01-2025 13:18,ATM,"Delhi, IN",3,1,Occasional user - sporadic activity,Not Fraud
user_5606,Money Transfer,17290.13,30-07-2025 23:15,Desktop-Mac,"Houston, US",4,2,Occasional user - sporadic activity,Not Fraud
user_3436,Online Purchase,365.78,26-08-2025 12:17,Mobile-iOS,"Delhi, IN",3,0,Regular user - consistent pattern,Not Fraud
user_7673,Wallet Top-up,922.81,28-03-2025 16:14,Desktop-Mac,"Bangalore, IN",2,0,Recently flagged - suspicious history,Not Fraud
user_5411,Password Change,0,18-04-2025 10:22,Mobile-iOS,"Toronto, CA",1,0,Regular user - consistent pattern,Not Fraud
user_4473,ATM Withdrawal,241.31,17-02-2025 21:06,Desktop-Windows,"Kolkata, IN",2,0,New user - no history,Not Fraud
user_3134,Password Change,0,10-07-2025 12:51,ATM,"Lagos, NG",3,0,Recently flagged - suspicious history,Fraud
user_7292,Money Transfer,17749.52,31-01-2025 08:47,Mobile-Android,"Lagos, NG",6,1,Frequent user - daily activity,Fraud
user_2616,Money Transfer,18839.27,02-05-2025 16:19,ATM,"Houston, US",4,0,Frequent user - daily activity,Not Fraud
user_5137,Wallet Top-up,2925.5,03-07-2025 20:28,Mobile-Android,"Singapore, SG",1,0,Regular user - consistent pattern,Not Fraud
user_3112,ATM Withdrawal,32.27,18-02-2025 15:50,POS-Terminal,"Dubai, AE",2,0,New user - no history,Not Fraud
user_8172,Wallet Top-up,1155.53,11-03-2025 18:25,Mobile-iOS,"Houston, US",1,0,Regular user - consistent pattern,Not Fraud
user_8461,Wallet Top-up,2124.72,26-02-2025 14:19,Desktop-Windows,"Sao Paulo, BR",3,0,Regular user - consistent pattern,Not Fraud
user_4902,ATM Withdrawal,29.15,26-08-2025 08:56,Mobile-iOS,"Toronto, CA",4,0,Frequent user - daily activity,Not Fraud
user_9758,Money Transfer,77.93,25-03-2025 11:38,Mobile-Android,"Kolkata, IN",6,0,Occasional user - sporadic activity,Not Fraud
user_5831,Password Change,0,03-01-2025 23:40,ATM,"Mumbai, IN",4,0,Recently flagged - suspicious history,Not Fraud
user_9804,Loan Application,2173.53,07-03-2025 18:24,ATM,"Moscow, RU",3,0,Consistent single-device user,Not Fraud
user_6312,ATM Withdrawal,109.92,12-04-2025 16:54,Mobile-iOS,"Bangalore, IN",4,0,Occasional user - sporadic activity,Not Fraud
user_2535,Card Swipe,98.94,18-02-2025 09:55,Tablet,"Sydney, AU",4,0,Regular user - consistent pattern,Not Fraud
user_7458,Loan Application,3797.57,27-04-2025 08:27,POS-Terminal,"Kolkata, IN",1,0,Regular user - consistent pattern,Not Fraud
user_2633,Add Beneficiary,0,04-01-2025 12:07,ATM,"Dubai, AE",7,0,New user - no history,Not Fraud
user_3336,Loan Application,319.26,19-05-2025 22:50,POS-Terminal,"Dubai, AE",5,0,Occasional user - sporadic activity,Not Fraud
user_8279,Bill Payment,925.62,20-05-2025 13:15,POS-Terminal,"London, UK",2,0,Regular user - consistent pattern,Not Fraud
user_9923,ATM Withdrawal,60.26,01-01-2025 20:26,Mobile-iOS,"New York, US",2,0,Recently flagged - suspicious history,Not Fraud
user_7303,Money Transfer,9861.82,14-03-2025 23:14,Desktop-Windows,"Los Angeles, US",2,0,New user - no history,Not Fraud
user_3475,Bill Payment,1288.74,19-04-2025 11:11,Mobile-iOS,"Singapore, SG",3,0,Recently flagged - suspicious history,Not Fraud
user_2702,ATM Withdrawal,458.95,27-07-2025 16:59,POS-Terminal,"Berlin, DE",4,2,Occasional user - sporadic activity,Not Fraud
user_6247,Bill Payment,1174.85,28-07-2025 17:50,Mobile-Android,"Chicago, US",2,1,Occasional user - sporadic activity,Not Fraud
user_3979,Add Beneficiary,0,04-05-2025 11:31,POS-Terminal,"Kolkata, IN",3,0,Occasional user - sporadic activity,Not Fraud
user_7278,Add Beneficiary,0,07-05-2025 14:34,Tablet,"Sydney, AU",1,0,Multiple device switches,Not Fraud
user_2429,Online Purchase,1088.32,03-04-2025 09:54,Tablet,"Bangalore, IN",1,0,Dormant account - reactivated,Not Fraud
user_5828,Card Swipe,80.63,18-04-2025 20:59,Mobile-iOS,"Houston, US",1,1,New user - no history,Not Fraud
user_7184,Login,0,14-01-2025 17:27,POS-Terminal,"Los Angeles, US",3,0,Occasional user - sporadic activity,Not Fraud
user_3406,Password Change,0,04-01-2025 08:15,Tablet,"Dubai, AE",2,1,Consistent single-device user,Not Fraud
user_5907,Card Swipe,211.65,27-06-2025 11:50,Mobile-Android,"Toronto, CA",1,2,Regular user - consistent pattern,Not Fraud
user_9245,Bill Payment,37.55,27-04-2025 19:43,Tablet,"Sao Paulo, BR",1,0,Recently flagged - suspicious history,Not Fraud
user_3569,ATM Withdrawal,486.83,24-02-2025 14:08,Desktop-Mac,"Moscow, RU",1,0,New user - no history,Not Fraud
user_8821,Password Change,0,08-04-2025 16:25,Mobile-iOS,"Los Angeles, US",2,0,Recently flagged - suspicious history,Not Fraud
user_2710,Money Transfer,7285.9,03-03-2025 18:21,Desktop-Windows,"Houston, US",1,0,Regular user - consistent pattern,Not Fraud
user_4075,Wallet Top-up,609.17,22-01-2025 21:15,Tablet,"Lagos, NG",3,1,Regular user - consistent pattern,Not Fraud
user_6056,Login,0,12-04-2025 23:48,Tablet,"Houston, US",4,1,Occasional user - sporadic activity,Not Fraud
user_6428,Add Beneficiary,0,09-05-2025 21:32,ATM,"Berlin, DE",1,1,Consistent single-device user,Not Fraud
user_1612,ATM Withdrawal,89,10-06-2025 17:05,Mobile-Android,"Kolkata, IN",1,0,Occasional user - sporadic activity,Not Fraud
user_9218,Wallet Top-up,2976.88,16-07-2025 16:33,Desktop-Windows,"Bangalore, IN",1,0,Multiple device switches,Not Fraud
user_7350,Online Purchase,630.42,26-05-2025 16:04,POS-Terminal,"Kolkata, IN",1,0,Recently flagged - suspicious history,Not Fraud
user_2428,Card Swipe,56.12,11-02-2025 11:59,Mobile-Android,"Toronto, CA",2,0,Occasional user - sporadic activity,Not Fraud
user_5226,Card Swipe,489.46,25-08-2025 18:28,Mobile-iOS,Tor Exit Node,9,0,Dormant account - reactivated,Fraud
user_7568,Add Beneficiary,0,03-02-2025 20:58,Desktop-Mac,"Mumbai, IN",5,4,Dormant account - reactivated,Not Fraud
user_7769,Wallet Top-up,1353.03,08-06-2025 20:43,POS-Terminal,"Los Angeles, US",4,1,Regular user - consistent pattern,Not Fraud
user_2725,ATM Withdrawal,194.15,27-02-2025 15:54,Desktop-Mac,"Singapore, SG",3,0,Consistent single-device user,Not Fraud
user_8616,Money Transfer,1762.16,12-04-2025 18:58,ATM,"Bangalore, IN",2,0,Dormant account - reactivated,Not Fraud
user_8967,Online Purchase,2108.36,10-01-2025 13:17,Tablet,"Chicago, US",2,0,Dormant account - reactivated,Not Fraud
user_7230,Login,0,21-04-2025 22:23,Desktop-Mac,"Houston, US",1,0,Multiple device switches,Not Fraud
user_5129,Bill Payment,255.36,18-03-2025 05:25,ATM,"Sao Paulo, BR",6,0,Recently flagged - suspicious history,Not Fraud
user_1880,Money Transfer,17904.38,12-02-2025 12:48,Mobile-iOS,"Mumbai, IN",2,0,Occasional user - sporadic activity,Not Fraud
user_6811,Loan Application,7813.3,02-06-2025 00:50,Mobile-iOS,"Los Angeles, US",3,0,Dormant account - reactivated,Fraud
user_1232,Bill Payment,2690.02,23-03-2025 21:31,Mobile-Android,"Berlin, DE",3,0,Regular user - consistent pattern,Not Fraud
user_8361,Loan Application,1994.05,28-06-2025 09:12,Tablet,"Berlin, DE",3,0,Frequent user - daily activity,Not Fraud
user_1235,Password Change,0,18-08-2025 19:01,Desktop-Windows,"Sydney, AU",5,1,Consistent single-device user,Not Fraud
user_7723,Password Change,0,14-05-2025 11:34,ATM,"Mumbai, IN",7,0,Dormant account - reactivated,Not Fraud
user_3664,Wallet Top-up,1310.45,24-06-2025 10:42,Desktop-Mac,"Moscow, RU",4,3,New user - no history,Not Fraud
user_2700,Money Transfer,13010.01,08-05-2025 16:26,POS-Terminal,"Sao Paulo, BR",7,0,Consistent single-device user,Not Fraud
user_1534,ATM Withdrawal,427.34,22-05-2025 09:49,Desktop-Mac,"Chicago, US",5,4,Dormant account - reactivated,Not Fraud
user_7765,Add Beneficiary,0,27-02-2025 00:23,Tablet,"Toronto, CA",6,0,Multiple device switches,Not Fraud
user_7792,Login,0,06-04-2025 00:09,ATM,"Dubai, AE",5,0,Dormant account - reactivated,Not Fraud
user_8045,Online Purchase,1669.44,11-04-2025 12:39,ATM,"New York, US",7,0,Multiple device switches,Not Fraud
user_7604,Password Change,0,26-01-2025 14:27,POS-Terminal,"Berlin, DE",2,0,Multiple device switches,Not Fraud
user_3605,Password Change,0,22-04-2025 09:05,Mobile-Android,"Moscow, RU",3,0,New user - no history,Not Fraud
user_3138,Card Swipe,320.89,17-06-2025 18:11,Mobile-iOS,"Toronto, CA",2,0,Multiple device switches,Not Fraud
user_1847,ATM Withdrawal,50.65,29-05-2025 08:01,ATM,"Los Angeles, US",2,0,New user - no history,Not Fraud
user_5627,ATM Withdrawal,448.36,03-04-2025 07:31,ATM,"Houston, US",1,1,Multiple device switches,Not Fraud
user_8971,Money Transfer,4245.4,12-06-2025 12:56,Desktop-Mac,"Berlin, DE",1,0,Occasional user - sporadic activity,Not Fraud
user_1515,Money Transfer,19519.52,03-06-2025 23:30,Tablet,"New York, US",2,0,New user - no history,Not Fraud
user_9781,Login,0,25-02-2025 14:48,ATM,"Mumbai, IN",6,0,Occasional user - sporadic activity,Not Fraud
user_2367,Bill Payment,806.43,01-07-2025 13:05,Tablet,"Beijing, CN",2,2,Multiple device switches,Not Fraud
user_4163,ATM Withdrawal,94.75,13-03-2025 17:56,Desktop-Mac,"Los Angeles, US",4,0,Occasional user - sporadic activity,Not Fraud
user_8992,Add Beneficiary,0,11-07-2025 20:27,Desktop-Windows,"Dubai, AE",3,0,Multiple device switches,Not Fraud
user_6782,Password Change,0,26-04-2025 21:52,Mobile-iOS,"Singapore, SG",8,0,Multiple device switches,Not Fraud
user_9691,Password Change,0,27-07-2025 12:07,Desktop-Windows,"Delhi, IN",1,0,Frequent user - daily activity,Not Fraud
user_7094,Bill Payment,2339.65,03-01-2025 08:20,POS-Terminal,"Mumbai, IN",2,1,Frequent user - daily activity,Not Fraud
user_2085,Add Beneficiary,0,25-02-2025 10:13,Mobile-Android,"Lagos, NG",4,3,New user - no history,Not Fraud
user_8130,Password Change,0,13-01-2025 19:12,ATM,"Sydney, AU",1,0,New user - no history,Not Fraud
user_8418,Bill Payment,1806.28,06-01-2025 15:15,Desktop-Windows,"New York, US",4,0,Regular user - consistent pattern,Not Fraud
user_5659,Bill Payment,2525.72,24-08-2025 12:57,Tablet,"New York, US",3,0,New user - no history,Not Fraud
user_5931,ATM Withdrawal,165.42,18-07-2025 11:05,Desktop-Windows,"Sydney, AU",1,0,Consistent single-device user,Not Fraud
user_2989,Password Change,0,27-02-2025 22:06,Mobile-Android,"Dubai, AE",1,5,Multiple device switches,Not Fraud
user_4131,Password Change,0,28-08-2025 19:34,POS-Terminal,"Singapore, SG",1,1,New user - no history,Not Fraud
user_5985,Money Transfer,5311.36,08-04-2025 17:50,Desktop-Windows,"Beijing, CN",7,0,New user - no history,Not Fraud
user_6231,Bill Payment,2260.34,13-06-2025 20:57,Desktop-Mac,"Beijing, CN",2,0,Consistent single-device user,Not Fraud
user_5596,Password Change,0,24-01-2025 18:30,Desktop-Windows,"Berlin, DE",4,0,Frequent user - daily activity,Not Fraud
user_2278,Money Transfer,19436.72,25-02-2025 04:00,Desktop-Mac,"Dubai, AE",1,0,Frequent user - daily activity,Not Fraud
user_9644,Wallet Top-up,2576.08,27-04-2025 18:19,POS-Terminal,"Chicago, US",2,3,Frequent user - daily activity,Not Fraud
user_7317,Card Swipe,435.25,18-02-2025 14:49,Mobile-Android,"Toronto, CA",1,0,New user - no history,Not Fraud
user_2805,Online Purchase,54.68,02-05-2025 13:17,POS-Terminal,"Sydney, AU",2,0,New user - no history,Not Fraud
user_8069,Online Purchase,456.11,14-01-2025 14:32,Desktop-Mac,"Toronto, CA",1,0,Multiple device switches,Not Fraud
user_5816,Online Purchase,1211.06,07-05-2025 15:33,Tablet,"Bangalore, IN",3,0,New user - no history,Not Fraud
user_1584,Loan Application,5360.26,27-02-2025 05:06,Tablet,"Beijing, CN",2,0,Frequent user - daily activity,Not Fraud
user_9112,Online Purchase,517.23,30-06-2025 09:40,Tablet,"Toronto, CA",1,0,Consistent single-device user,Not Fraud
user_3789,Password Change,0,27-03-2025 17:10,Desktop-Mac,"Chicago, US",1,0,Dormant account - reactivated,Not Fraud
user_3908,ATM Withdrawal,441.82,03-01-2025 09:48,Tablet,"Mumbai, IN",2,0,Frequent user - daily activity,Not Fraud
user_1284,Loan Application,13616.92,09-05-2025 11:14,Mobile-iOS,"Sao Paulo, BR",4,0,Dormant account - reactivated,Not Fraud
user_9039,Password Change,0,05-05-2025 23:16,Desktop-Windows,"Mumbai, IN",1,0,Dormant account - reactivated,Not Fraud
user_8935,Money Transfer,5435.25,07-02-2025 14:40,Desktop-Mac,"Dubai, AE",3,0,Consistent single-device user,Not Fraud
user_5003,Loan Application,14833.2,10-07-2025 23:23,Mobile-Android,"Houston, US",8,0,Recently flagged - suspicious history,Fraud
user_8360,Wallet Top-up,528.98,26-03-2025 21:22,Desktop-Mac,"Lagos, NG",7,0,Frequent user - daily activity,Not Fraud
user_9520,Password Change,0,23-07-2025 19:07,Desktop-Mac,"Lagos, NG",4,0,New user - no history,Not Fraud
user_9174,Bill Payment,1401.62,23-05-2025 08:18,POS-Terminal,"Houston, US",2,0,Recently flagged - suspicious history,Not Fraud
user_8436,Login,0,01-02-2025 09:52,Mobile-Android,"Sydney, AU",1,0,Regular user - consistent pattern,Not Fraud
user_6737,ATM Withdrawal,394.78,09-02-2025 14:49,Mobile-Android,"Sao Paulo, BR",1,1,Multiple device switches,Not Fraud
user_5764,Online Purchase,101.25,23-06-2025 21:15,POS-Terminal,"Delhi, IN",2,3,Recently flagged - suspicious history,Not Fraud
user_6091,Bill Payment,1693.9,29-05-2025 17:20,Mobile-iOS,"Beijing, CN",1,0,Frequent user - daily activity,Not Fraud
user_5997,Money Transfer,5981.82,16-02-2025 21:29,Desktop-Mac,"Berlin, DE",5,0,Consistent single-device user,Not Fraud
user_9254,Password Change,0,18-04-2025 13:27,Desktop-Mac,"Bangalore, IN",6,0,Multiple device switches,Not Fraud
user_3303,Loan Application,18141.63,06-04-2025 18:37,Mobile-iOS,"Moscow, RU",6,2,Regular user - consistent pattern,Fraud
user_3063,Add Beneficiary,0,15-07-2025 17:29,ATM,"Sydney, AU",5,0,Recently flagged - suspicious history,Not Fraud
user_6463,Loan Application,1993.11,26-03-2025 11:30,ATM,"Los Angeles, US",4,1,Regular user - consistent pattern,Not Fraud
user_9458,Bill Payment,1688.34,18-08-2025 22:08,POS-Terminal,"Moscow, RU",1,0,Regular user - consistent pattern,Not Fraud
user_4288,Money Transfer,1389.48,14-05-2025 08:56,Mobile-Android,"London, UK",1,0,Consistent single-device user,Not Fraud
user_5913,Add Beneficiary,0,02-03-2025 13:11,ATM,"Dubai, AE",1,0,Consistent single-device user,Not Fraud
user_3018,Add Beneficiary,0,06-02-2025 08:01,ATM,"Sao Paulo, BR",1,0,Frequent user - daily activity,Not Fraud
user_8871,ATM Withdrawal,151.83,05-04-2025 07:37,POS-Terminal,"Toronto, CA",2,1,Consistent single-device user,Not Fraud
user_7960,Bill Payment,88.77,03-01-2025 13:36,Tablet,"Toronto, CA",3,2,Consistent single-device user,Not Fraud
user_3282,Card Swipe,442.39,02-04-2025 13:00,Tablet,"Dubai, AE",2,0,Multiple device switches,Not Fraud
user_3480,Password Change,0,28-04-2025 16:36,POS-Terminal,"Dubai, AE",1,1,Recently flagged - suspicious history,Not Fraud
user_2117,Card Swipe,194.5,28-05-2025 13:42,POS-Terminal,Unknown Location,4,0,Occasional user - sporadic activity,Not Fraud
user_6703,Loan Application,12368.63,07-08-2025 12:02,POS-Terminal,"Chicago, US",1,0,Consistent single-device user,Not Fraud
user_4793,Online Purchase,320.77,09-04-2025 20:46,ATM,"Kolkata, IN",7,0,Recently flagged - suspicious history,Not Fraud
user_1613,Money Transfer,8858.49,08-01-2025 12:40,Mobile-iOS,"Toronto, CA",3,0,Frequent user - daily activity,Not Fraud
user_5136,Card Swipe,224.38,11-02-2025 10:12,Desktop-Mac,"Dubai, AE",5,0,Regular user - consistent pattern,Not Fraud
user_4334,Login,0,03-04-2025 19:57,ATM,"Delhi, IN",2,0,Occasional user - sporadic activity,Not Fraud
user_9129,Online Purchase,2498.05,01-04-2025 15:30,Desktop-Windows,"Moscow, RU",3,0,New user - no history,Not Fraud
user_8004,Add Beneficiary,0,02-02-2025 20:36,ATM,"Sydney, AU",1,0,Regular user - consistent pattern,Not Fraud
user_9856,Password Change,0,25-08-2025 00:52,ATM,"London, UK",4,0,Occasional user - sporadic activity,Not Fraud
user_2225,Wallet Top-up,1728.19,09-05-2025 20:59,Desktop-Windows,"Delhi, IN",1,1,New user - no history,Not Fraud
user_8716,ATM Withdrawal,330.08,21-02-2025 01:26,Desktop-Windows,"Singapore, SG",1,0,Dormant account - reactivated,Not Fraud
user_4860,Card Swipe,45.73,29-06-2025 22:57,ATM,"Berlin, DE",1,5,Multiple device switches,Fraud
user_2320,Wallet Top-up,1438.92,27-01-2025 08:46,Mobile-Android,"Sydney, AU",1,0,Consistent single-device user,Not Fraud
user_1351,Login,0,20-02-2025 01:50,Tablet,"Moscow, RU",2,1,Regular user - consistent pattern,Not Fraud
user_7342,Add Beneficiary,0,20-04-2025 17:27,Tablet,"Chicago, US",2,2,Dormant account - reactivated,Not Fraud
user_8152,Login,0,03-01-2025 10:05,Mobile-iOS,"Delhi, IN",4,2,Regular user - consistent pattern,Not Fraud
user_5094,Login,0,16-02-2025 06:08,Desktop-Windows,"New York, US",2,1,Frequent user - daily activity,Not Fraud
user_3125,Loan Application,7986.48,20-01-2025 16:42,Desktop-Windows,Tor Exit Node,1,1,Dormant account - reactivated,Fraud
user_8266,ATM Withdrawal,471.3,17-06-2025 18:18,Mobile-iOS,"Sydney, AU",1,1,New user - no history,Not Fraud
user_6679,Add Beneficiary,0,13-03-2025 17:39,Mobile-Android,"Houston, US",1,4,Frequent user - daily activity,Not Fraud
user_4453,Money Transfer,7479.18,02-03-2025 19:09,POS-Terminal,"Bangalore, IN",4,4,Regular user - consistent pattern,Not Fraud
user_1553,ATM Withdrawal,146.2,16-01-2025 12:52,Desktop-Windows,"Dubai, AE",2,0,Multiple device switches,Not Fraud
user_8274,Login,0,18-06-2025 10:24,Desktop-Mac,"Sydney, AU",3,0,Dormant account - reactivated,Not Fraud
user_6508,ATM Withdrawal,407.02,29-03-2025 15:48,POS-Terminal,"Dubai, AE",2,0,Regular user - consistent pattern,Not Fraud
user_7358,ATM Withdrawal,430.67,27-05-2025 22:29,POS-Terminal,"Lagos, NG",2,0,Multiple device switches,Not Fraud
user_4903,Bill Payment,2723.6,22-01-2025 10:43,Mobile-iOS,"Berlin, DE",1,0,Regular user - consistent pattern,Not Fraud
user_5493,Password Change,0,17-06-2025 10:16,ATM,"Berlin, DE",1,0,Dormant account - reactivated,Not Fraud
user_3929,Card Swipe,236.73,02-04-2025 13:29,Desktop-Mac,"Moscow, RU",3,0,New user - no history,Not Fraud
user_6145,Money Transfer,8836.77,08-03-2025 10:50,ATM,"Sydney, AU",1,0,Regular user - consistent pattern,Not Fraud
user_2875,Login,0,23-04-2025 09:32,Tablet,"Toronto, CA",3,0,Recently flagged - suspicious history,Not Fraud
user_6789,Wallet Top-up,2156.37,20-01-2025 15:22,Tablet,"Bangalore, IN",2,0,Dormant account - reactivated,Not Fraud
user_2169,Add Beneficiary,0,25-03-2025 20:09,Tablet,"Berlin, DE",2,0,Dormant account - reactivated,Not Fraud
user_1510,Bill Payment,1108.06,01-06-2025 11:09,Mobile-Android,"Los Angeles, US",1,0,Dormant account - reactivated,Not Fraud
user_1534,Bill Payment,1146.36,28-08-2025 23:05,Mobile-iOS,"Lagos, NG",10,0,Multiple device switches,Fraud
user_2986,Wallet Top-up,2395.63,14-05-2025 15:42,Desktop-Mac,"Toronto, CA",1,0,Frequent user - daily activity,Not Fraud
user_4982,Password Change,0,30-01-2025 10:20,POS-Terminal,"London, UK",4,2,Dormant account - reactivated,Not Fraud
user_6766,Wallet Top-up,1519.4,04-06-2025 21:41,Mobile-iOS,"Bangalore, IN",2,0,Occasional user - sporadic activity,Not Fraud
user_5013,Add Beneficiary,0,05-06-2025 17:42,Desktop-Windows,"Berlin, DE",2,0,Multiple device switches,Not Fraud
user_9274,Bill Payment,1730.16,19-08-2025 16:49,Mobile-iOS,"Singapore, SG",1,0,Recently flagged - suspicious history,Not Fraud
user_8698,Money Transfer,2571.64,26-06-2025 01:27,Mobile-iOS,"Kolkata, IN",1,2,Multiple device switches,Fraud
user_6805,Bill Payment,1209.94,31-01-2025 15:45,Desktop-Windows,"Singapore, SG",6,0,New user - no history,Not Fraud
user_2208,Password Change,0,11-06-2025 22:58,Desktop-Mac,"Sao Paulo, BR",2,1,Occasional user - sporadic activity,Not Fraud
user_9345,Money Transfer,3087.52,22-06-2025 00:37,POS-Terminal,"Bangalore, IN",2,0,Recently flagged - suspicious history,Not Fraud
user_4805,ATM Withdrawal,251.71,15-05-2025 03:33,Tablet,"Sydney, AU",7,0,Multiple device switches,Fraud
user_3346,Login,0,07-07-2025 19:47,Mobile-iOS,"Delhi, IN",1,2,Dormant account - reactivated,Not Fraud
user_6690,ATM Withdrawal,91.14,27-02-2025 10:31,Mobile-iOS,"Toronto, CA",6,5,New user - no history,Not Fraud
user_5565,Bill Payment,292.45,13-02-2025 15:32,Mobile-Android,"Moscow, RU",1,2,Frequent user - daily activity,Not Fraud
user_7054,Online Purchase,849.1,24-04-2025 22:27,Tablet,"Chicago, US",2,3,New user - no history,Not Fraud
user_9081,ATM Withdrawal,52.56,21-06-2025 08:17,Mobile-Android,"Kolkata, IN",5,1,Frequent user - daily activity,Not Fraud
user_3567,Wallet Top-up,1009.33,22-06-2025 13:47,ATM,"Los Angeles, US",3,2,Regular user - consistent pattern,Not Fraud
user_2645,Wallet Top-up,955.99,13-08-2025 19:42,POS-Terminal,"New York, US",3,0,Occasional user - sporadic activity,Not Fraud
user_7163,Online Purchase,2021.68,28-07-2025 10:09,Mobile-iOS,"Sao Paulo, BR",1,0,New user - no history,Not Fraud
user_4509,Login,0,06-06-2025 13:31,Mobile-iOS,"Sao Paulo, BR",1,1,Multiple device switches,Not Fraud
user_4845,Password Change,0,13-08-2025 13:42,Desktop-Windows,"Dubai, AE",6,1,Consistent single-device user,Not Fraud
user_6851,Wallet Top-up,1445.47,18-08-2025 07:07,ATM,"Berlin, DE",2,0,Frequent user - daily activity,Not Fraud
user_2897,Bill Payment,1396.88,28-06-2025 11:07,Desktop-Mac,"Sao Paulo, BR",4,0,Consistent single-device user,Not Fraud
user_7750,Online Purchase,91.74,06-08-2025 10:13,ATM,"Delhi, IN",3,0,Dormant account - reactivated,Not Fraud
user_7412,Card Swipe,218.35,05-05-2025 10:03,POS-Terminal,"London, UK",3,0,Consistent single-device user,Not Fraud
user_4625,Loan Application,17518.66,29-01-2025 14:49,Tablet,"Moscow, RU",1,0,Regular user - consistent pattern,Not Fraud
user_6460,Password Change,0,17-06-2025 18:35,Mobile-Android,"Sydney, AU",2,0,Occasional user - sporadic activity,Not Fraud
user_4757,ATM Withdrawal,402.63,25-02-2025 21:21,Tablet,"Sao Paulo, BR",7,0,Regular user - consistent pattern,Not Fraud
user_2679,Wallet Top-up,1196.82,19-03-2025 13:10,Mobile-Android,"London, UK",4,0,Recently flagged - suspicious history,Not Fraud
user_7565,Bill Payment,2455.8,20-01-2025 20:55,Mobile-Android,"Sydney, AU",4,1,Regular user - consistent pattern,Not Fraud
user_3487,Money Transfer,14730.67,05-06-2025 19:12,ATM,"Toronto, CA",2,0,Regular user - consistent pattern,Not Fraud
user_5490,Card Swipe,109.31,01-05-2025 10:41,Desktop-Mac,"Toronto, CA",1,4,Recently flagged - suspicious history,Not Fraud
user_5659,Wallet Top-up,1522.25,11-04-2025 12:31,Desktop-Windows,"Berlin, DE",4,0,Regular user - consistent pattern,Not Fraud
user_4802,Card Swipe,191.21,27-03-2025 15:41,Mobile-iOS,"Berlin, DE",9,0,Occasional user - sporadic activity,Not Fraud
user_9025,Loan Application,5036.88,02-05-2025 08:39,Tablet,"Sao Paulo, BR",3,0,Consistent single-device user,Not Fraud
user_6535,Bill Payment,114.35,12-08-2025 17:38,Mobile-Android,"London, UK",1,0,Consistent single-device user,Not Fraud
user_4862,Password Change,0,23-05-2025 13:30,ATM,"Sao Paulo, BR",4,3,Multiple device switches,Not Fraud
user_7155,Bill Payment,2271.88,12-02-2025 08:47,Mobile-iOS,"Bangalore, IN",9,0,Multiple device switches,Not Fraud
user_3797,Wallet Top-up,1464.14,13-04-2025 18:35,Mobile-Android,"Toronto, CA",2,0,Recently flagged - suspicious history,Not Fraud
user_7088,Loan Application,13021.9,22-02-2025 08:33,ATM,"Moscow, RU",4,0,Recently flagged - suspicious history,Fraud
user_8583,Online Purchase,2808.93,26-08-2025 21:46,Mobile-iOS,"Houston, US",4,0,Dormant account - reactivated,Not Fraud
user_3936,Bill Payment,1414.13,29-06-2025 23:00,Mobile-iOS,"Houston, US",1,0,New user - no history,Not Fraud
user_8679,Loan Application,3171.24,27-02-2025 11:35,Desktop-Windows,"Moscow, RU",7,0,Multiple device switches,Fraud
user_6009,Password Change,0,07-03-2025 16:25,Tablet,"Lagos, NG",3,0,Occasional user - sporadic activity,Not Fraud
user_5587,Bill Payment,792.5,31-05-2025 07:51,POS-Terminal,"Berlin, DE",2,1,Recently flagged - suspicious history,Not Fraud
user_8756,Online Purchase,508.46,26-08-2025 18:13,ATM,"Moscow, RU",1,0,Regular user - consistent pattern,Not Fraud
user_2274,Login,0,19-04-2025 08:51,POS-Terminal,"Bangalore, IN",2,1,Frequent user - daily activity,Not Fraud
user_7442,Add Beneficiary,0,01-04-2025 18:45,Desktop-Windows,"Dubai, AE",2,0,Frequent user - daily activity,Not Fraud
user_5550,Bill Payment,2520.43,21-07-2025 15:31,Desktop-Windows,"Beijing, CN",3,0,Dormant account - reactivated,Not Fraud
user_1414,Password Change,0,30-03-2025 20:49,POS-Terminal,"Delhi, IN",3,2,Frequent user - daily activity,Not Fraud
user_7130,Bill Payment,2799.91,03-04-2025 23:12,Tablet,"Houston, US",3,0,Dormant account - reactivated,Not Fraud
user_1212,Loan Application,5496.91,12-04-2025 16:41,Mobile-Android,"Kolkata, IN",4,0,Regular user - consistent pattern,Not Fraud
user_8713,Loan Application,12663.19,12-08-2025 13:30,POS-Terminal,"Sao Paulo, BR",5,0,Regular user - consistent pattern,Not Fraud
user_3509,Bill Payment,2613.39,05-08-2025 08:26,Mobile-Android,"Los Angeles, US",3,0,New user - no history,Not Fraud
user_4181,Loan Application,14762.2,19-08-2025 11:43,Desktop-Windows,"Singapore, SG",1,5,Dormant account - reactivated,Fraud
user_1232,Add Beneficiary,0,16-01-2025 12:42,Mobile-Android,"Houston, US",4,0,Recently flagged - suspicious history,Not Fraud
user_1729,ATM Withdrawal,308.18,12-06-2025 17:26,POS-Terminal,"Dubai, AE",7,0,Dormant account - reactivated,Not Fraud
user_6594,Card Swipe,288.4,29-04-2025 17:36,Mobile-Android,"Chicago, US",1,1,Occasional user - sporadic activity,Not Fraud
user_3774,Login,0,21-01-2025 09:23,POS-Terminal,Tor Exit Node,2,1,Frequent user - daily activity,Not Fraud
user_6087,Login,0,13-03-2025 12:18,Mobile-iOS,"Lagos, NG",2,2,Recently flagged - suspicious history,Fraud
user_3901,ATM Withdrawal,137.08,01-04-2025 13:05,Tablet,"Mumbai, IN",4,0,Occasional user - sporadic activity,Not Fraud
user_7318,Bill Payment,1616.16,30-03-2025 09:44,POS-Terminal,"Dubai, AE",4,0,Recently flagged - suspicious history,Not Fraud
user_9409,Online Purchase,778.35,30-01-2025 13:02,Tablet,"Beijing, CN",1,0,Dormant account - reactivated,Not Fraud
user_1554,Password Change,0,11-08-2025 17:40,Mobile-Android,"Chicago, US",2,0,New user - no history,Not Fraud
user_6018,Bill Payment,1403.19,27-07-2025 09:01,Tablet,"Bangalore, IN",3,0,Multiple device switches,Not Fraud
user_5138,Password Change,0,13-04-2025 15:30,Desktop-Windows,"New York, US",7,0,New user - no history,Not Fraud
user_7977,ATM Withdrawal,477.45,12-05-2025 12:01,Mobile-iOS,Unknown Location,6,4,Frequent user - daily activity,Fraud
user_3286,Bill Payment,1991.9,21-03-2025 18:03,ATM,"Berlin, DE",5,0,Occasional user - sporadic activity,Not Fraud
user_1013,Bill Payment,605.22,17-02-2025 09:19,Mobile-iOS,"Dubai, AE",2,1,Occasional user - sporadic activity,Not Fraud
user_7131,Login,0,01-05-2025 13:22,Tablet,"Beijing, CN",3,3,Multiple device switches,Not Fraud
user_2569,Add Beneficiary,0,04-02-2025 08:48,Desktop-Mac,"Berlin, DE",6,2,Multiple device switches,Fraud
user_7452,Wallet Top-up,219.61,07-01-2025 13:47,Mobile-iOS,"Singapore, SG",1,0,Dormant account - reactivated,Not Fraud
user_9215,Login,0,23-08-2025 16:48,Mobile-Android,"Moscow, RU",1,0,Frequent user - daily activity,Not Fraud
user_6563,Add Beneficiary,0,14-03-2025 16:27,Desktop-Windows,"Delhi, IN",5,0,Multiple device switches,Not Fraud
user_3679,Add Beneficiary,0,30-04-2025 17:53,ATM,"Los Angeles, US",3,0,Multiple device switches,Not Fraud
user_3635,Password Change,0,25-06-2025 08:32,Desktop-Mac,"New York, US",3,1,Multiple device switches,Not Fraud
user_5963,Add Beneficiary,0,04-06-2025 10:40,ATM,"Berlin, DE",2,0,Consistent single-device user,Not Fraud
user_9765,Password Change,0,17-05-2025 07:11,ATM,"Delhi, IN",3,0,Dormant account - reactivated,Not Fraud
user_5224,Online Purchase,1547.11,22-04-2025 16:55,Mobile-Android,"Bangalore, IN",1,2,Consistent single-device user,Not Fraud
user_7050,ATM Withdrawal,218.59,07-01-2025 17:49,Tablet,"London, UK",1,0,Consistent single-device user,Not Fraud
user_2829,Password Change,0,12-04-2025 18:34,Mobile-iOS,"Houston, US",2,0,Occasional user - sporadic activity,Not Fraud
user_8063,ATM Withdrawal,179.24,24-08-2025 13:39,ATM,"Singapore, SG",7,2,Consistent single-device user,Not Fraud
user_2253,Password Change,0,05-07-2025 12:09,POS-Terminal,"Dubai, AE",1,0,New user - no history,Not Fraud
user_5947,Add Beneficiary,0,07-03-2025 12:11,POS-Terminal,"Beijing, CN",6,2,Multiple device switches,Not Fraud
user_4139,Loan Application,5256.47,07-08-2025 11:32,ATM,"London, UK",4,0,Consistent single-device user,Not Fraud
user_8158,ATM Withdrawal,375.97,21-06-2025 18:17,Mobile-Android,"Moscow, RU",6,1,Recently flagged - suspicious history,Fraud
user_1306,Add Beneficiary,0,29-04-2025 16:17,Tablet,"Berlin, DE",3,0,Frequent user - daily activity,Not Fraud
user_4621,Money Transfer,12247.16,28-04-2025 18:38,Tablet,"Delhi, IN",3,0,Consistent single-device user,Not Fraud
user_6618,Password Change,0,08-02-2025 11:52,Desktop-Mac,"Dubai, AE",2,0,Occasional user - sporadic activity,Not Fraud
user_5189,Add Beneficiary,0,21-01-2025 01:54,POS-Terminal,"Sydney, AU",9,0,Dormant account - reactivated,Fraud
user_5781,Password Change,0,09-02-2025 13:29,Tablet,"Lagos, NG",3,0,Multiple device switches,Not Fraud
user_5651,Wallet Top-up,2233.44,18-05-2025 23:24,Mobile-iOS,"Delhi, IN",7,0,Multiple device switches,Fraud
user_4462,Money Transfer,11436.36,19-07-2025 09:10,POS-Terminal,"Kolkata, IN",3,0,Frequent user - daily activity,Not Fraud
user_5569,Password Change,0,20-06-2025 18:40,POS-Terminal,"Kolkata, IN",4,0,Multiple device switches,Not Fraud
user_7618,Card Swipe,380.85,10-02-2025 10:59,ATM,"Houston, US",1,0,Dormant account - reactivated,Not Fraud
user_3822,Money Transfer,7697.9,18-02-2025 16:26,POS-Terminal,"New York, US",1,0,New user - no history,Not Fraud
user_7697,Login,0,26-05-2025 11:15,POS-Terminal,"Bangalore, IN",1,0,Multiple device switches,Not Fraud
user_9377,Online Purchase,2551.68,12-08-2025 08:23,Mobile-iOS,"Houston, US",7,3,Dormant account - reactivated,Not Fraud
user_5800,Money Transfer,17894.19,04-03-2025 09:29,POS-Terminal,"Moscow, RU",9,1,Consistent single-device user,Fraud
user_2821,Loan Application,16765.62,04-03-2025 20:58,Desktop-Mac,"Sao Paulo, BR",1,1,Multiple device switches,Fraud
user_8703,Add Beneficiary,0,15-08-2025 05:26,POS-Terminal,"Sydney, AU",4,0,Regular user - consistent pattern,Not Fraud
user_8877,Login,0,30-07-2025 11:25,POS-Terminal,"Berlin, DE",2,1,Consistent single-device user,Not Fraud
user_3032,Money Transfer,2962.38,12-07-2025 10:52,ATM,"Chicago, US",1,0,Dormant account - reactivated,Not Fraud
user_4982,Card Swipe,112.94,19-01-2025 07:41,Desktop-Mac,"Singapore, SG",2,0,Recently flagged - suspicious history,Not Fraud
user_5838,Card Swipe,172.02,12-03-2025 13:16,Tablet,"New York, US",1,0,Regular user - consistent pattern,Not Fraud
user_6942,ATM Withdrawal,160.26,20-03-2025 17:36,Desktop-Mac,"Sao Paulo, BR",3,0,Occasional user - sporadic activity,Not Fraud
user_5789,Add Beneficiary,0,06-08-2025 10:14,Mobile-iOS,"Lagos, NG",1,0,Dormant account - reactivated,Fraud
user_9467,Add Beneficiary,0,30-03-2025 13:57,POS-Terminal,"Chicago, US",5,0,Dormant account - reactivated,Not Fraud
user_8950,Bill Payment,2612.99,08-04-2025 13:30,Mobile-Android,"Beijing, CN",1,0,Frequent user - daily activity,Not Fraud
user_2959,Online Purchase,1072.72,21-08-2025 13:58,Mobile-Android,"Dubai, AE",5,1,Frequent user - daily activity,Not Fraud
user_1538,Add Beneficiary,0,18-01-2025 16:21,Desktop-Windows,"Lagos, NG",2,1,New user - no history,Not Fraud
user_8317,Loan Application,10482.83,16-02-2025 10:51,POS-Terminal,Tor Exit Node,5,0,Consistent single-device user,Fraud
user_1659,Loan Application,5351.98,07-07-2025 10:47,ATM,"Singapore, SG",6,0,Recently flagged - suspicious history,Not Fraud
user_4403,Online Purchase,735.6,26-01-2025 18:30,Tablet,"Singapore, SG",1,1,New user - no history,Not Fraud
user_8240,Money Transfer,9546.91,03-06-2025 07:37,Desktop-Mac,"Toronto, CA",1,0,New user - no history,Not Fraud
user_4191,Loan Application,16125.03,06-03-2025 16:29,ATM,"Delhi, IN",1,0,Dormant account - reactivated,Fraud
user_8918,Wallet Top-up,854.85,17-05-2025 16:16,Mobile-iOS,"Mumbai, IN",3,0,Consistent single-device user,Not Fraud
user_3984,Card Swipe,13.19,07-05-2025 20:32,Mobile-iOS,"Houston, US",4,1,New user - no history,Not Fraud
user_6610,Wallet Top-up,2468.56,01-03-2025 09:06,Mobile-iOS,"Toronto, CA",2,1,Consistent single-device user,Not Fraud
user_5916,Loan Application,4245.32,19-02-2025 17:20,ATM,"Delhi, IN",1,0,Occasional user - sporadic activity,Not Fraud
user_9461,Card Swipe,330.21,10-03-2025 18:49,Mobile-iOS,Unknown Location,2,2,Recently flagged - suspicious history,Fraud
user_3375,ATM Withdrawal,173.52,26-04-2025 11:47,Desktop-Windows,"Delhi, IN",2,0,Multiple device switches,Not Fraud
user_7697,Password Change,0,16-07-2025 16:08,Desktop-Windows,"New York, US",4,0,Recently flagged - suspicious history,Not Fraud
user_7119,Login,0,25-03-2025 11:50,Tablet,"Lagos, NG",1,0,Consistent single-device user,Not Fraud
user_2219,Online Purchase,485.45,01-05-2025 17:46,Mobile-Android,"Berlin, DE",2,4,Consistent single-device user,Not Fraud
user_7144,Login,0,12-03-2025 07:40,Tablet,"Mumbai, IN",7,0,Occasional user - sporadic activity,Not Fraud
user_6317,Add Beneficiary,0,31-05-2025 19:55,Desktop-Windows,"Lagos, NG",3,0,Dormant account - reactivated,Fraud
user_9955,ATM Withdrawal,282.77,05-02-2025 19:44,ATM,"Berlin, DE",6,1,Dormant account - reactivated,Not Fraud
user_8304,Online Purchase,556.5,27-03-2025 13:29,Mobile-iOS,"Beijing, CN",4,0,Regular user - consistent pattern,Not Fraud
user_2952,Add Beneficiary,0,24-07-2025 12:51,Mobile-Android,"Dubai, AE",1,5,Dormant account - reactivated,Fraud
user_1525,Wallet Top-up,2619.88,14-03-2025 11:34,Tablet,"Mumbai, IN",1,0,New user - no history,Not Fraud
user_9712,Bill Payment,2396.78,25-08-2025 19:05,Desktop-Mac,"Moscow, RU",10,1,Multiple device switches,Fraud
user_8630,Card Swipe,445.78,26-03-2025 23:09,Mobile-Android,"Houston, US",3,0,Multiple device switches,Not Fraud
user_5813,Login,0,03-01-2025 16:24,Mobile-iOS,"Toronto, CA",1,2,Dormant account - reactivated,Not Fraud
user_8499,Online Purchase,2310.93,14-08-2025 15:22,POS-Terminal,"Singapore, SG",1,1,Frequent user - daily activity,Not Fraud
user_3975,Money Transfer,573.18,19-07-2025 15:54,Mobile-iOS,"Sydney, AU",8,0,Dormant account - reactivated,Not Fraud
user_4421,Online Purchase,912.27,28-08-2025 12:17,Mobile-iOS,"Berlin, DE",1,2,Consistent single-device user,Not Fraud
user_7145,Login,0,09-07-2025 13:47,Mobile-iOS,"Delhi, IN",2,0,Frequent user - daily activity,Not Fraud
user_3042,Money Transfer,19386.41,13-05-2025 14:37,Mobile-Android,"Houston, US",1,3,Dormant account - reactivated,Not Fraud
user_7801,Online Purchase,634.93,03-05-2025 07:32,Desktop-Windows,"Sydney, AU",7,0,Multiple device switches,Not Fraud
user_7558,Money Transfer,7125.89,22-04-2025 22:53,ATM,"Beijing, CN",1,1,Multiple device switches,Not Fraud
user_1259,ATM Withdrawal,367.52,05-08-2025 21:02,Mobile-iOS,"Houston, US",1,0,Occasional user - sporadic activity,Not Fraud
user_1638,Login,0,09-07-2025 15:13,POS-Terminal,"Toronto, CA",3,2,Multiple device switches,Not Fraud
user_3861,Wallet Top-up,2896.07,16-02-2025 18:51,Desktop-Windows,"Singapore, SG",1,0,Consistent single-device user,Not Fraud
user_6014,Add Beneficiary,0,09-03-2025 16:58,Tablet,"Toronto, CA",4,0,Consistent single-device user,Not Fraud
user_7679,Login,0,04-07-2025 14:48,Tablet,"Houston, US",1,0,Frequent user - daily activity,Not Fraud
user_2841,Card Swipe,237.57,23-04-2025 12:57,Mobile-iOS,"Dubai, AE",5,0,Consistent single-device user,Not Fraud
user_5208,Bill Payment,972.01,03-07-2025 14:39,Mobile-Android,"Bangalore, IN",4,2,Frequent user - daily activity,Not Fraud
user_3126,Bill Payment,680.53,14-04-2025 06:06,Desktop-Windows,"Singapore, SG",1,0,Occasional user - sporadic activity,Not Fraud
user_6384,Card Swipe,337.49,10-03-2025 14:36,ATM,"Singapore, SG",2,0,Occasional user - sporadic activity,Not Fraud
user_1560,Add Beneficiary,0,16-02-2025 16:50,Mobile-Android,"Chicago, US",1,1,Occasional user - sporadic activity,Not Fraud
user_8877,Card Swipe,430.26,28-05-2025 09:55,Desktop-Mac,"Bangalore, IN",1,0,Consistent single-device user,Not Fraud
user_5576,Wallet Top-up,2772.04,07-03-2025 11:57,Desktop-Windows,"Berlin, DE",2,0,New user - no history,Not Fraud
user_9504,ATM Withdrawal,40.93,20-05-2025 12:41,Mobile-iOS,"Los Angeles, US",9,2,New user - no history,Not Fraud
user_5844,Bill Payment,2620.55,29-08-2025 11:27,Mobile-Android,"Kolkata, IN",9,0,Frequent user - daily activity,Not Fraud
user_1273,Online Purchase,2201.57,08-02-2025 11:38,Tablet,"Dubai, AE",2,2,Dormant account - reactivated,Not Fraud
user_3732,Password Change,0,12-06-2025 08:43,POS-Terminal,"Dubai, AE",1,3,Occasional user - sporadic activity,Not Fraud
user_7947,Online Purchase,838.87,10-04-2025 22:25,Tablet,"Kolkata, IN",6,0,Occasional user - sporadic activity,Not Fraud
user_1005,Money Transfer,5064.02,25-08-2025 15:19,POS-Terminal,"Moscow, RU",8,0,Multiple device switches,Fraud
user_3355,Card Swipe,413,11-04-2025 18:51,ATM,"Chicago, US",2,0,Frequent user - daily activity,Not Fraud
user_2155,Online Purchase,2890.26,01-02-2025 10:57,POS-Terminal,"Sao Paulo, BR",7,0,Consistent single-device user,Not Fraud
user_5513,Password Change,0,21-03-2025 00:07,Tablet,"Los Angeles, US",3,0,Consistent single-device user,Not Fraud
user_9867,Loan Application,9114.63,04-07-2025 05:48,Desktop-Windows,"Singapore, SG",7,0,Recently flagged - suspicious history,Fraud
user_8643,Add Beneficiary,0,27-06-2025 15:56,ATM,"Berlin, DE",4,0,New user - no history,Not Fraud
user_6940,Online Purchase,2608.74,21-04-2025 17:53,Desktop-Mac,"Los Angeles, US",1,1,Recently flagged - suspicious history,Not Fraud
user_9320,Password Change,0,02-04-2025 12:53,Mobile-Android,"New York, US",4,0,Consistent single-device user,Not Fraud
user_5354,Money Transfer,19946.19,05-06-2025 19:31,ATM,"Lagos, NG",3,2,Multiple device switches,Fraud
user_2766,Loan Application,16772.2,25-01-2025 16:06,Mobile-Android,"Kolkata, IN",1,0,Multiple device switches,Not Fraud
user_6690,Card Swipe,427.59,29-08-2025 15:33,Desktop-Mac,"Dubai, AE",3,1,Regular user - consistent pattern,Not Fraud
user_3961,Login,0,16-03-2025 16:21,Desktop-Mac,"Berlin, DE",4,2,Recently flagged - suspicious history,Not Fraud
user_6636,Password Change,0,25-04-2025 23:15,ATM,"New York, US",2,5,Recently flagged - suspicious history,Fraud
user_4430,Wallet Top-up,2313.57,13-04-2025 14:20,ATM,"Mumbai, IN",5,2,New user - no history,Not Fraud
user_6763,Loan Application,10787.78,01-08-2025 19:14,Desktop-Windows,"Los Angeles, US",4,0,Dormant account - reactivated,Fraud
user_9146,Bill Payment,2270.91,05-05-2025 09:54,Desktop-Windows,"Mumbai, IN",2,0,Occasional user - sporadic activity,Not Fraud
user_6288,Login,0,21-08-2025 07:37,Tablet,"Beijing, CN",3,1,Occasional user - sporadic activity,Not Fraud
user_4254,Money Transfer,1856.32,14-04-2025 15:56,ATM,"London, UK",4,0,Multiple device switches,Not Fraud
user_7311,Money Transfer,16907.94,24-07-2025 18:56,Desktop-Windows,"Moscow, RU",9,0,Frequent user - daily activity,Fraud
user_1668,Online Purchase,1646.22,07-05-2025 17:17,Mobile-iOS,"Dubai, AE",9,0,Frequent user - daily activity,Not Fraud
user_4538,Bill Payment,42.19,06-06-2025 10:01,Desktop-Mac,"Dubai, AE",2,0,Frequent user - daily activity,Not Fraud
user_4048,Wallet Top-up,1744.78,10-04-2025 16:56,POS-Terminal,"London, UK",4,0,Recently flagged - suspicious history,Not Fraud
user_7065,Password Change,0,23-03-2025 21:59,Tablet,"Mumbai, IN",8,0,Frequent user - daily activity,Not Fraud
user_3109,Money Transfer,19621.17,02-05-2025 18:32,Tablet,"Toronto, CA",5,0,Dormant account - reactivated,Fraud
user_4669,Card Swipe,141.88,23-04-2025 19:29,Desktop-Mac,"Lagos, NG",1,5,Regular user - consistent pattern,Fraud
user_8347,Wallet Top-up,1952.58,30-06-2025 20:30,Mobile-iOS,"Los Angeles, US",2,4,Recently flagged - suspicious history,Fraud
user_5128,Login,0,30-06-2025 17:31,ATM,Tor Exit Node,9,0,Consistent single-device user,Not Fraud
user_9821,ATM Withdrawal,171.96,15-04-2025 15:56,Mobile-iOS,"Berlin, DE",9,0,Regular user - consistent pattern,Not Fraud
user_1867,Password Change,0,07-06-2025 15:49,Mobile-Android,"Sydney, AU",4,1,Frequent user - daily activity,Not Fraud
user_3969,Login,0,31-01-2025 16:31,Desktop-Windows,"Los Angeles, US",7,0,Multiple device switches,Not Fraud
user_7247,Card Swipe,77.87,01-04-2025 11:06,Mobile-iOS,"Sao Paulo, BR",6,0,Occasional user - sporadic activity,Not Fraud
user_7576,Online Purchase,683.79,28-03-2025 23:40,Desktop-Mac,"Sao Paulo, BR",2,0,Regular user - consistent pattern,Not Fraud
user_1969,Password Change,0,04-01-2025 07:00,Mobile-Android,"Mumbai, IN",2,2,Dormant account - reactivated,Not Fraud
user_4088,Loan Application,9989.12,12-08-2025 14:22,POS-Terminal,"Singapore, SG",3,0,Consistent single-device user,Not Fraud
user_9312,Bill Payment,2444.01,28-08-2025 13:39,Tablet,"Singapore, SG",4,0,Recently flagged - suspicious history,Not Fraud
user_6718,Bill Payment,1772.37,19-02-2025 08:06,Tablet,"Chicago, US",3,0,Consistent single-device user,Not Fraud
user_7370,Card Swipe,472.57,05-03-2025 17:04,Desktop-Windows,"Chicago, US",8,0,Multiple device switches,Not Fraud
user_6870,Login,0,27-07-2025 21:58,ATM,"Singapore, SG",4,2,New user - no history,Not Fraud
user_2490,Password Change,0,29-06-2025 21:36,Tablet,"Sydney, AU",4,0,Recently flagged - suspicious history,Not Fraud
user_4244,ATM Withdrawal,472.68,22-01-2025 12:27,Desktop-Mac,"New York, US",1,0,Multiple device switches,Not Fraud
user_9152,ATM Withdrawal,387.71,11-01-2025 17:33,Mobile-iOS,"Kolkata, IN",2,0,Occasional user - sporadic activity,Not Fraud
user_1785,Wallet Top-up,88.75,01-04-2025 22:24,Tablet,"New York, US",5,2,Occasional user - sporadic activity,Not Fraud
user_4514,Money Transfer,9171.81,23-03-2025 09:14,Mobile-Android,"Sao Paulo, BR",2,0,Regular user - consistent pattern,Not Fraud
user_4375,Money Transfer,18490.03,28-07-2025 00:15,ATM,"Mumbai, IN",1,0,Frequent user - daily activity,Not Fraud
user_7585,Login,0,09-06-2025 08:38,POS-Terminal,"London, UK",7,1,Recently flagged - suspicious history,Not Fraud
user_5466,Add Beneficiary,0,16-04-2025 17:26,Desktop-Mac,"Toronto, CA",6,2,Consistent single-device user,Not Fraud
user_1170,Add Beneficiary,0,02-02-2025 02:49,POS-Terminal,"Beijing, CN",1,0,Occasional user - sporadic activity,Not Fraud
user_2089,Bill Payment,1613.13,24-06-2025 08:47,POS-Terminal,Unknown Location,2,0,Recently flagged - suspicious history,Fraud
user_5284,Money Transfer,15231.74,21-02-2025 12:56,Mobile-Android,"Lagos, NG",2,0,Regular user - consistent pattern,Not Fraud
user_2825,Online Purchase,118.9,27-06-2025 12:05,ATM,"Los Angeles, US",2,0,Occasional user - sporadic activity,Not Fraud
user_1672,Wallet Top-up,2301.54,23-03-2025 09:13,Mobile-Android,"Lagos, NG",7,0,Recently flagged - suspicious history,Fraud
user_8569,Online Purchase,2705.18,16-03-2025 04:24,Tablet,"Los Angeles, US",1,0,Consistent single-device user,Not Fraud
user_2136,Online Purchase,1806.97,21-05-2025 10:10,Desktop-Windows,"Los Angeles, US",3,0,Regular user - consistent pattern,Not Fraud
user_3783,Password Change,0,27-01-2025 12:09,POS-Terminal,"London, UK",2,0,Multiple device switches,Not Fraud
user_2960,Online Purchase,2287.72,06-01-2025 01:34,POS-Terminal,"Dubai, AE",2,0,Multiple device switches,Not Fraud
user_7336,Card Swipe,456.02,06-03-2025 10:31,Desktop-Windows,"Kolkata, IN",3,0,Occasional user - sporadic activity,Not Fraud
user_9789,Password Change,0,07-07-2025 09:18,Mobile-iOS,"Kolkata, IN",2,0,Occasional user - sporadic activity,Not Fraud
user_1343,Add Beneficiary,0,28-04-2025 19:09,Desktop-Mac,"Sao Paulo, BR",2,0,Multiple device switches,Not Fraud
user_6782,Online Purchase,2825.93,07-07-2025 12:26,Desktop-Mac,"Bangalore, IN",2,0,Dormant account - reactivated,Not Fraud
user_3180,Wallet Top-up,621.72,19-02-2025 09:12,ATM,"Sao Paulo, BR",4,0,Consistent single-device user,Not Fraud
user_7688,Password Change,0,06-02-2025 16:13,Desktop-Mac,"Chicago, US",3,0,Multiple device switches,Not Fraud
user_4267,Online Purchase,1016.36,28-08-2025 20:42,Tablet,"Delhi, IN",7,0,Frequent user - daily activity,Not Fraud
user_5478,Loan Application,15396.34,25-07-2025 16:36,Mobile-iOS,"Chicago, US",2,0,Occasional user - sporadic activity,Not Fraud
user_6180,Loan Application,18663.75,13-08-2025 16:47,Mobile-Android,"Beijing, CN",4,0,Regular user - consistent pattern,Not Fraud
user_6431,Money Transfer,6300.21,08-02-2025 21:12,Mobile-iOS,"Toronto, CA",1,0,Dormant account - reactivated,Not Fraud
user_8317,Card Swipe,175.92,25-07-2025 09:19,Tablet,"Chicago, US",6,0,New user - no history,Not Fraud
user_7712,Bill Payment,1687.18,26-06-2025 16:44,ATM,"Singapore, SG",9,1,Occasional user - sporadic activity,Not Fraud
user_2590,Login,0,08-04-2025 08:24,Desktop-Mac,"Houston, US",1,1,Dormant account - reactivated,Not Fraud
user_3979,Card Swipe,448.05,30-03-2025 23:42,Desktop-Windows,"Kolkata, IN",6,0,Occasional user - sporadic activity,Not Fraud
user_5916,Add Beneficiary,0,22-07-2025 21:07,POS-Terminal,"Houston, US",3,0,New user - no history,Not Fraud
user_9105,Login,0,13-02-2025 16:37,Desktop-Windows,"Dubai, AE",1,0,Regular user - consistent pattern,Not Fraud
user_6219,Bill Payment,160.77,25-04-2025 10:19,Desktop-Mac,"Mumbai, IN",1,5,Consistent single-device user,Not Fraud
user_6454,Wallet Top-up,98.96,03-01-2025 20:59,POS-Terminal,"Lagos, NG",2,0,Consistent single-device user,Not Fraud
user_7363,Login,0,07-04-2025 17:17,Desktop-Windows,"Mumbai, IN",2,5,Multiple device switches,Not Fraud
user_6605,Bill Payment,2829,06-05-2025 17:35,Desktop-Windows,"London, UK",6,3,New user - no history,Not Fraud
user_9336,Money Transfer,509,04-03-2025 08:48,Mobile-Android,"Houston, US",1,0,Frequent user - daily activity,Not Fraud
user_1158,Login,0,21-08-2025 18:21,Tablet,"Los Angeles, US",3,4,Consistent single-device user,Not Fraud
user_2733,Loan Application,2483.47,10-07-2025 17:12,Mobile-Android,"Houston, US",4,0,Multiple device switches,Not Fraud
user_4444,Login,0,10-06-2025 17:24,Tablet,"Houston, US",5,1,Consistent single-device user,Not Fraud
user_8687,ATM Withdrawal,368.47,24-04-2025 15:55,Mobile-iOS,"Sydney, AU",1,4,Recently flagged - suspicious history,Not Fraud
user_9880,Loan Application,19455.84,20-01-2025 17:44,Mobile-iOS,"Houston, US",2,5,Occasional user - sporadic activity,Fraud
user_5861,Loan Application,8275.03,06-03-2025 16:13,ATM,"Mumbai, IN",1,0,Recently flagged - suspicious history,Not Fraud
user_3642,Money Transfer,1279.31,16-01-2025 13:57,Tablet,"Sao Paulo, BR",2,1,Consistent single-device user,Not Fraud
user_6216,Loan Application,15439.15,05-06-2025 21:44,POS-Terminal,"Kolkata, IN",3,1,Dormant account - reactivated,Not Fraud
user_6867,Card Swipe,191.52,20-05-2025 11:31,POS-Terminal,"Houston, US",3,0,Dormant account - reactivated,Not Fraud
user_8617,Card Swipe,168.94,11-08-2025 19:25,Desktop-Mac,"Bangalore, IN",1,1,Multiple device switches,Not Fraud
user_3284,Password Change,0,08-02-2025 12:55,Desktop-Mac,"Mumbai, IN",2,2,Occasional user - sporadic activity,Not Fraud
user_4013,Online Purchase,289.06,28-03-2025 12:09,Mobile-iOS,"New York, US",2,0,Recently flagged - suspicious history,Not Fraud
user_4112,Card Swipe,307.34,10-02-2025 14:27,Desktop-Mac,"Kolkata, IN",1,4,New user - no history,Not Fraud
user_8810,Loan Application,5821.97,25-02-2025 10:31,Desktop-Mac,"Sydney, AU",8,0,Dormant account - reactivated,Fraud
user_8028,Loan Application,2480.86,05-07-2025 08:18,Desktop-Windows,"Berlin, DE",5,0,Consistent single-device user,Not Fraud
user_1290,Card Swipe,191.3,01-03-2025 10:20,ATM,"Singapore, SG",3,3,Consistent single-device user,Not Fraud
user_6582,Loan Application,15886.67,24-03-2025 17:57,ATM,"Moscow, RU",9,0,Frequent user - daily activity,Fraud
user_9005,Loan Application,9421.56,25-01-2025 00:32,Desktop-Mac,"Sao Paulo, BR",3,0,Consistent single-device user,Not Fraud
user_5358,Money Transfer,9017.22,12-03-2025 18:50,POS-Terminal,"Chicago, US",5,0,Frequent user - daily activity,Not Fraud
user_1050,Password Change,0,24-05-2025 11:39,Mobile-iOS,"Berlin, DE",8,0,Dormant account - reactivated,Not Fraud
user_9786,Online Purchase,2473.29,04-06-2025 16:59,Mobile-Android,"Toronto, CA",1,2,Recently flagged - suspicious history,Not Fraud
user_7930,Login,0,17-03-2025 11:13,Mobile-Android,"New York, US",3,0,Dormant account - reactivated,Not Fraud
user_8318,Add Beneficiary,0,14-07-2025 15:38,Desktop-Windows,"Los Angeles, US",1,0,Consistent single-device user,Not Fraud
user_3668,Loan Application,2614.29,11-08-2025 22:07,Desktop-Windows,"Lagos, NG",2,0,Multiple device switches,Fraud
user_1417,Add Beneficiary,0,25-03-2025 16:25,Tablet,"Dubai, AE",1,0,Regular user - consistent pattern,Not Fraud
user_3160,Card Swipe,41.3,14-05-2025 05:09,Mobile-iOS,Tor Exit Node,1,1,Dormant account - reactivated,Not Fraud
user_2329,Add Beneficiary,0,13-04-2025 11:04,Tablet,"Los Angeles, US",2,1,Occasional user - sporadic activity,Not Fraud
user_4395,Card Swipe,87.94,28-02-2025 18:55,Mobile-iOS,"Los Angeles, US",3,0,Frequent user - daily activity,Not Fraud
user_1694,Login,0,11-08-2025 09:14,Mobile-iOS,"Sydney, AU",2,1,Multiple device switches,Not Fraud
user_9359,ATM Withdrawal,251.19,21-05-2025 17:44,Mobile-Android,"New York, US",3,0,Consistent single-device user,Not Fraud
user_7031,Wallet Top-up,2696.24,18-05-2025 08:13,Mobile-Android,"Singapore, SG",4,0,Dormant account - reactivated,Not Fraud
user_4302,Loan Application,5162.75,11-04-2025 09:57,Mobile-Android,"Beijing, CN",2,0,Multiple device switches,Not Fraud
user_1682,Add Beneficiary,0,12-08-2025 19:47,Mobile-iOS,"Houston, US",3,1,Frequent user - daily activity,Not Fraud
user_5970,Password Change,0,28-02-2025 13:41,Tablet,"Singapore, SG",5,0,Regular user - consistent pattern,Not Fraud
user_3964,Password Change,0,04-07-2025 09:46,Desktop-Windows,"Bangalore, IN",2,1,Consistent single-device user,Not Fraud
user_5675,Online Purchase,237.63,08-01-2025 07:00,Tablet,"New York, US",1,0,Regular user - consistent pattern,Not Fraud
user_3613,Money Transfer,1118.08,09-07-2025 09:12,Desktop-Windows,"Los Angeles, US",2,0,Regular user - consistent pattern,Not Fraud
user_5948,Bill Payment,791.86,23-08-2025 21:56,Mobile-iOS,"Chicago, US",3,4,Regular user - consistent pattern,Not Fraud
user_3860,Login,0,27-04-2025 07:46,ATM,"Singapore, SG",3,0,Regular user - consistent pattern,Not Fraud
user_8859,Money Transfer,14642.11,23-06-2025 08:04,Desktop-Mac,"New York, US",2,2,Multiple device switches,Fraud
user_1217,Loan Application,17953.29,13-03-2025 16:49,POS-Terminal,"Toronto, CA",2,2,Regular user - consistent pattern,Not Fraud
user_4081,Online Purchase,2070.58,12-08-2025 19:41,Tablet,"Dubai, AE",2,4,Consistent single-device user,Not Fraud
user_5694,Password Change,0,30-07-2025 07:23,Desktop-Mac,"Lagos, NG",2,3,Occasional user - sporadic activity,Not Fraud
user_6681,Add Beneficiary,0,30-04-2025 09:25,Desktop-Windows,"Berlin, DE",1,1,Consistent single-device user,Not Fraud
user_7681,Password Change,0,06-03-2025 22:05,Mobile-iOS,"Mumbai, IN",2,0,Occasional user - sporadic activity,Not Fraud
user_6627,Wallet Top-up,2755.3,29-03-2025 23:09,Tablet,"Moscow, RU",4,2,Occasional user - sporadic activity,Fraud
user_7493,Money Transfer,16477.7,11-01-2025 20:32,Tablet,"Los Angeles, US",1,3,Occasional user - sporadic activity,Not Fraud
user_9014,Money Transfer,6543.47,28-08-2025 19:23,Desktop-Mac,"Sydney, AU",5,0,Dormant account - reactivated,Not Fraud
user_2743,Online Purchase,1923.21,18-08-2025 13:53,ATM,"Houston, US",1,1,New user - no history,Not Fraud
user_3365,Money Transfer,13914,19-03-2025 11:48,ATM,"Houston, US",3,4,Frequent user - daily activity,Not Fraud
user_1265,Login,0,31-07-2025 11:13,ATM,"Beijing, CN",1,0,New user - no history,Not Fraud
user_6857,Add Beneficiary,0,29-03-2025 00:38,Desktop-Mac,"Mumbai, IN",2,0,Consistent single-device user,Not Fraud
user_1686,Card Swipe,488.74,07-03-2025 14:22,POS-Terminal,"Bangalore, IN",4,1,New user - no history,Not Fraud
user_6751,Card Swipe,497.37,20-08-2025 12:31,Mobile-Android,"Bangalore, IN",2,0,New user - no history,Not Fraud
user_4954,Loan Application,19680.8,18-07-2025 01:19,POS-Terminal,"Dubai, AE",1,0,Regular user - consistent pattern,Not Fraud
user_1462,Wallet Top-up,1336.07,28-06-2025 14:29,Tablet,"Delhi, IN",7,1,Regular user - consistent pattern,Not Fraud
user_9466,Card Swipe,95.22,11-01-2025 13:54,Desktop-Windows,"Moscow, RU",2,1,New user - no history,Not Fraud
user_8899,Card Swipe,132.03,17-06-2025 12:47,Mobile-iOS,"Berlin, DE",1,0,Dormant account - reactivated,Not Fraud
user_9083,Online Purchase,2142.91,26-01-2025 19:58,Mobile-iOS,"Chicago, US",4,3,Regular user - consistent pattern,Not Fraud
user_9128,Password Change,0,01-07-2025 19:27,Tablet,"Singapore, SG",2,0,Multiple device switches,Not Fraud
user_8148,Wallet Top-up,2107.63,13-08-2025 05:05,POS-Terminal,"Mumbai, IN",2,3,Occasional user - sporadic activity,Not Fraud
user_1395,Bill Payment,263.7,18-06-2025 09:12,Tablet,"Mumbai, IN",1,0,Occasional user - sporadic activity,Not Fraud
user_1651,Online Purchase,611.33,11-04-2025 11:47,Mobile-Android,"Mumbai, IN",2,0,Recently flagged - suspicious history,Not Fraud
user_5969,Bill Payment,961.99,24-02-2025 10:30,Mobile-iOS,"Beijing, CN",2,0,Occasional user - sporadic activity,Not Fraud
user_9870,Money Transfer,2964.94,09-08-2025 08:32,ATM,"Los Angeles, US",2,5,Occasional user - sporadic activity,Not Fraud
user_7774,Password Change,0,15-04-2025 22:52,Mobile-Android,"Sao Paulo, BR",1,0,Multiple device switches,Not Fraud
user_7402,Card Swipe,307.15,02-02-2025 20:47,Desktop-Mac,"Moscow, RU",4,2,Occasional user - sporadic activity,Not Fraud
user_9540,ATM Withdrawal,253.6,17-04-2025 06:38,Mobile-Android,"Lagos, NG",4,1,Regular user - consistent pattern,Not Fraud
user_5601,Card Swipe,328.58,03-08-2025 23:21,Tablet,"Moscow, RU",6,2,Consistent single-device user,Fraud
user_3248,Card Swipe,175.17,13-05-2025 17:21,Tablet,"Moscow, RU",1,0,Recently flagged - suspicious history,Fraud
user_9413,Online Purchase,942.59,25-05-2025 21:58,Mobile-iOS,"Mumbai, IN",2,2,Multiple device switches,Not Fraud
user_5323,Loan Application,8505.77,16-08-2025 16:49,ATM,"Chicago, US",4,0,Dormant account - reactivated,Not Fraud
user_6261,Online Purchase,2395.1,05-07-2025 15:11,POS-Terminal,"Singapore, SG",3,0,Dormant account - reactivated,Not Fraud
user_9142,Password Change,0,11-03-2025 10:30,Tablet,"Bangalore, IN",2,0,New user - no history,Not Fraud
user_7440,Login,0,07-03-2025 05:51,Desktop-Mac,"Bangalore, IN",10,0,Recently flagged - suspicious history,Not Fraud
user_7889,Online Purchase,800.78,02-06-2025 23:40,Mobile-Android,"Bangalore, IN",2,0,Occasional user - sporadic activity,Not Fraud
user_1672,Money Transfer,5583.25,20-07-2025 14:17,Mobile-Android,Unknown Location,3,0,Regular user - consistent pattern,Not Fraud
user_5541,ATM Withdrawal,220.6,27-05-2025 10:39,ATM,"London, UK",3,2,Occasional user - sporadic activity,Not Fraud
user_6189,Online Purchase,519.67,19-05-2025 22:24,Tablet,"New York, US",1,0,Recently flagged - suspicious history,Not Fraud
user_2567,Online Purchase,2536.92,12-02-2025 09:29,Mobile-iOS,"Singapore, SG",1,0,Recently flagged - suspicious history,Not Fraud
user_7335,Card Swipe,114.56,02-07-2025 07:05,Desktop-Mac,"Bangalore, IN",4,0,Multiple device switches,Not Fraud
user_9868,ATM Withdrawal,110.51,13-08-2025 17:27,Tablet,"Mumbai, IN",1,0,Multiple device switches,Not Fraud
user_4366,Password Change,0,03-08-2025 08:04,POS-Terminal,"Beijing, CN",1,0,Frequent user - daily activity,Not Fraud
user_6787,Add Beneficiary,0,19-08-2025 10:45,Mobile-iOS,"Delhi, IN",6,4,Frequent user - daily activity,Not Fraud
user_8409,Login,0,08-04-2025 12:22,Mobile-Android,"Sydney, AU",4,3,New user - no history,Not Fraud
user_4744,ATM Withdrawal,189.63,13-02-2025 23:30,Mobile-iOS,"Dubai, AE",3,0,Frequent user - daily activity,Not Fraud
user_7249,Password Change,0,01-07-2025 02:14,Mobile-iOS,"Los Angeles, US",3,0,New user - no history,Not Fraud
user_5180,Card Swipe,83.02,11-08-2025 08:27,Mobile-iOS,"London, UK",2,0,Frequent user - daily activity,Not Fraud
user_1854,Loan Application,13109.71,15-02-2025 18:55,Desktop-Windows,"Lagos, NG",7,2,Frequent user - daily activity,Fraud
user_4201,Loan Application,14264.95,29-07-2025 05:06,ATM,"Houston, US",1,0,Dormant account - reactivated,Not Fraud
user_3502,Wallet Top-up,2796.79,07-08-2025 10:00,Mobile-iOS,"Berlin, DE",2,0,Regular user - consistent pattern,Not Fraud
user_3211,Bill Payment,149.79,09-08-2025 08:08,Tablet,"Dubai, AE",3,0,Frequent user - daily activity,Not Fraud
user_5066,Bill Payment,1922.21,04-02-2025 18:04,Mobile-Android,"Toronto, CA",2,0,Multiple device switches,Not Fraud
user_9602,Card Swipe,481.43,05-06-2025 22:22,Tablet,"Sao Paulo, BR",4,1,Multiple device switches,Not Fraud
user_3068,Login,0,04-08-2025 09:38,Desktop-Windows,"Chicago, US",6,0,Recently flagged - suspicious history,Not Fraud
user_1391,Password Change,0,25-02-2025 13:48,Desktop-Mac,"Berlin, DE",4,0,Occasional user - sporadic activity,Not Fraud
user_7493,Online Purchase,431.23,06-03-2025 21:57,Desktop-Mac,"Delhi, IN",4,0,Frequent user - daily activity,Not Fraud
user_3136,Add Beneficiary,0,18-08-2025 22:15,POS-Terminal,Unknown Location,1,0,Consistent single-device user,Not Fraud
user_8100,Money Transfer,11984.82,03-05-2025 11:32,Mobile-Android,Unknown Location,5,0,Dormant account - reactivated,Fraud
user_9302,Bill Payment,38.11,24-05-2025 07:47,Desktop-Windows,"Los Angeles, US",2,0,Dormant account - reactivated,Not Fraud
user_8345,Add Beneficiary,0,30-03-2025 11:39,Tablet,"Mumbai, IN",2,2,New user - no history,Not Fraud
user_8100,Wallet Top-up,113.29,25-05-2025 18:46,Tablet,"Los Angeles, US",8,3,Multiple device switches,Not Fraud
user_5376,Bill Payment,430.92,09-04-2025 21:05,Desktop-Windows,"Delhi, IN",1,0,Occasional user - sporadic activity,Not Fraud
user_7854,Loan Application,3913.6,20-04-2025 19:56,Tablet,"Lagos, NG",10,0,New user - no history,Fraud
user_5350,Card Swipe,395.64,25-08-2025 09:58,POS-Terminal,"Sydney, AU",1,0,Dormant account - reactivated,Not Fraud
user_7096,Card Swipe,478.28,16-08-2025 10:35,ATM,"Sao Paulo, BR",3,0,Occasional user - sporadic activity,Not Fraud
user_9520,ATM Withdrawal,405.03,28-07-2025 18:15,Mobile-Android,"Bangalore, IN",1,3,Recently flagged - suspicious history,Not Fraud
user_1840,Loan Application,6041.83,07-02-2025 20:06,Tablet,"London, UK",4,2,Frequent user - daily activity,Not Fraud
user_2615,Wallet Top-up,1520,26-05-2025 12:25,Desktop-Windows,"Toronto, CA",1,0,New user - no history,Not Fraud
user_1932,Add Beneficiary,0,17-04-2025 12:27,Desktop-Mac,"Kolkata, IN",2,0,Recently flagged - suspicious history,Not Fraud
user_8971,Card Swipe,464.64,21-04-2025 12:13,ATM,"London, UK",1,2,Dormant account - reactivated,Not Fraud
user_6359,Loan Application,7568.11,23-07-2025 06:05,POS-Terminal,"New York, US",2,0,New user - no history,Not Fraud
user_1841,Login,0,16-03-2025 13:02,ATM,"Mumbai, IN",3,2,Dormant account - reactivated,Not Fraud
user_2433,Login,0,26-01-2025 08:19,Mobile-Android,"Kolkata, IN",1,0,Regular user - consistent pattern,Not Fraud
user_3784,Add Beneficiary,0,10-03-2025 19:31,Tablet,"Toronto, CA",5,0,Recently flagged - suspicious history,Not Fraud
user_5259,Bill Payment,1932.17,05-06-2025 17:06,Mobile-iOS,"Beijing, CN",1,2,Occasional user - sporadic activity,Not Fraud
user_8413,Password Change,0,17-06-2025 22:19,POS-Terminal,"Dubai, AE",2,3,Recently flagged - suspicious history,Not Fraud
user_4449,Online Purchase,1386.55,16-01-2025 17:02,Tablet,"Singapore, SG",1,5,Occasional user - sporadic activity,Not Fraud
user_5628,Password Change,0,03-07-2025 17:37,Desktop-Mac,"Bangalore, IN",1,0,Recently flagged - suspicious history,Not Fraud
user_8753,Login,0,30-03-2025 12:25,Mobile-Android,"New York, US",5,2,Multiple device switches,Not Fraud
user_8594,Add Beneficiary,0,26-04-2025 18:55,Mobile-iOS,"Dubai, AE",4,1,Dormant account - reactivated,Not Fraud
user_4014,Login,0,17-04-2025 20:10,Mobile-Android,"Sydney, AU",9,0,Occasional user - sporadic activity,Not Fraud
user_9115,ATM Withdrawal,454.58,17-07-2025 17:26,Mobile-Android,"Moscow, RU",4,2,Dormant account - reactivated,Not Fraud
user_8910,Wallet Top-up,609.13,08-08-2025 08:43,POS-Terminal,"Sao Paulo, BR",1,0,Frequent user - daily activity,Not Fraud
user_1645,Card Swipe,482.43,13-07-2025 15:18,Desktop-Mac,"New York, US",2,0,New user - no history,Not Fraud
user_7836,Card Swipe,457.91,22-03-2025 16:14,ATM,"Lagos, NG",2,0,Regular user - consistent pattern,Not Fraud
user_5163,Add Beneficiary,0,11-01-2025 10:33,Mobile-iOS,"Kolkata, IN",2,0,Multiple device switches,Not Fraud
user_2246,ATM Withdrawal,272.28,09-05-2025 21:26,ATM,"Kolkata, IN",4,0,Recently flagged - suspicious history,Not Fraud
user_1838,Card Swipe,494.55,15-03-2025 09:42,ATM,"Chicago, US",1,5,Dormant account - reactivated,Not Fraud
user_9930,Online Purchase,47.56,04-03-2025 12:21,Desktop-Mac,"New York, US",1,1,Recently flagged - suspicious history,Not Fraud
user_5789,ATM Withdrawal,213.63,11-02-2025 21:13,Desktop-Windows,"Los Angeles, US",7,0,New user - no history,Not Fraud
user_3548,Money Transfer,17067.95,19-07-2025 00:15,ATM,"Berlin, DE",7,4,New user - no history,Fraud
user_6530,Money Transfer,10034.24,11-05-2025 19:34,Mobile-Android,"Bangalore, IN",3,1,Dormant account - reactivated,Not Fraud
user_3890,Add Beneficiary,0,05-07-2025 19:34,Mobile-Android,"Singapore, SG",3,4,New user - no history,Not Fraud
user_3388,Password Change,0,17-05-2025 08:52,Mobile-iOS,"Bangalore, IN",7,0,Regular user - consistent pattern,Not Fraud
user_7377,Add Beneficiary,0,27-07-2025 07:32,Desktop-Mac,"Houston, US",1,0,New user - no history,Not Fraud
user_9099,Wallet Top-up,2313.66,20-02-2025 12:41,Mobile-Android,"New York, US",1,0,Regular user - consistent pattern,Not Fraud
user_6549,Add Beneficiary,0,09-08-2025 18:00,Desktop-Mac,"Los Angeles, US",5,0,New user - no history,Not Fraud
user_3224,Card Swipe,252.23,29-03-2025 23:46,Mobile-Android,"Moscow, RU",1,2,Dormant account - reactivated,Fraud
user_7973,ATM Withdrawal,29.08,05-02-2025 07:19,POS-Terminal,"London, UK",2,0,Dormant account - reactivated,Not Fraud
user_2218,Wallet Top-up,1094.54,15-04-2025 14:47,Mobile-Android,"New York, US",1,0,New user - no history,Not Fraud
user_2640,Password Change,0,27-03-2025 07:16,Desktop-Windows,"Singapore, SG",1,0,New user - no history,Not Fraud
user_1804,ATM Withdrawal,162.63,22-08-2025 18:48,ATM,"Los Angeles, US",4,3,Recently flagged - suspicious history,Not Fraud
user_5874,Money Transfer,17911.75,24-08-2025 18:02,Desktop-Mac,"Los Angeles, US",2,1,Occasional user - sporadic activity,Not Fraud
user_2545,Loan Application,129.99,27-07-2025 20:02,Desktop-Windows,"Delhi, IN",1,0,Frequent user - daily activity,Not Fraud
user_6473,Bill Payment,559.46,27-01-2025 21:44,POS-Terminal,"Dubai, AE",2,1,Occasional user - sporadic activity,Not Fraud
user_9350,Online Purchase,2968.99,11-03-2025 00:33,Tablet,"Berlin, DE",4,0,Frequent user - daily activity,Not Fraud
user_7364,Online Purchase,2475.95,01-06-2025 11:08,Desktop-Mac,"Singapore, SG",1,0,New user - no history,Not Fraud
user_5177,Loan Application,9978.66,18-02-2025 23:25,POS-Terminal,"London, UK",1,0,New user - no history,Not Fraud
user_3170,Login,0,12-01-2025 10:15,POS-Terminal,"Los Angeles, US",2,4,Recently flagged - suspicious history,Not Fraud
user_1046,Online Purchase,2153.12,28-01-2025 19:00,Desktop-Windows,"Houston, US",1,1,New user - no history,Not Fraud
user_6326,Add Beneficiary,0,12-03-2025 12:33,Desktop-Mac,"Beijing, CN",5,0,Multiple device switches,Not Fraud
user_4080,Online Purchase,1472.29,06-03-2025 22:27,Mobile-Android,"Bangalore, IN",1,1,Regular user - consistent pattern,Not Fraud
user_5736,Online Purchase,1243.15,13-03-2025 20:09,Mobile-iOS,"Delhi, IN",1,1,New user - no history,Not Fraud
user_8445,Password Change,0,21-02-2025 11:14,POS-Terminal,"Dubai, AE",5,4,Recently flagged - suspicious history,Fraud
user_8870,Online Purchase,1317.2,15-06-2025 08:49,Desktop-Mac,"Delhi, IN",9,0,Occasional user - sporadic activity,Not Fraud
user_5385,Password Change,0,11-03-2025 14:44,ATM,"Beijing, CN",4,1,Regular user - consistent pattern,Not Fraud
user_2755,Online Purchase,2696.83,21-06-2025 10:15,Tablet,"Dubai, AE",3,3,Occasional user - sporadic activity,Not Fraud
user_1055,Bill Payment,2876.07,22-05-2025 11:44,Desktop-Mac,"Lagos, NG",1,0,New user - no history,Not Fraud
user_7960,ATM Withdrawal,351.05,13-04-2025 10:12,POS-Terminal,"Dubai, AE",3,0,New user - no history,Not Fraud
user_8730,Loan Application,3965.56,28-03-2025 10:02,Desktop-Windows,"Bangalore, IN",1,0,Frequent user - daily activity,Not Fraud
user_1269,Money Transfer,2108.69,10-08-2025 20:14,Mobile-Android,"Houston, US",2,5,New user - no history,Not Fraud
user_8229,Bill Payment,666.09,10-01-2025 09:23,Desktop-Windows,"New York, US",3,0,Recently flagged - suspicious history,Not Fraud
user_8370,Online Purchase,284.98,24-01-2025 21:39,ATM,"London, UK",3,1,Frequent user - daily activity,Not Fraud
user_8798,ATM Withdrawal,275.13,02-01-2025 16:44,ATM,"Sydney, AU",10,1,Dormant account - reactivated,Not Fraud
user_2453,Wallet Top-up,1750.72,20-04-2025 21:17,POS-Terminal,"Mumbai, IN",2,0,Occasional user - sporadic activity,Not Fraud
user_2597,Loan Application,476.16,10-02-2025 10:11,Mobile-iOS,"Sao Paulo, BR",4,0,Frequent user - daily activity,Not Fraud
user_3172,ATM Withdrawal,235.82,04-02-2025 16:14,Mobile-Android,"Chicago, US",6,0,Recently flagged - suspicious history,Not Fraud
user_3521,Money Transfer,16680.71,13-02-2025 08:24,Desktop-Windows,"New York, US",1,2,Multiple device switches,Not Fraud
user_2389,Bill Payment,639.3,28-02-2025 08:06,POS-Terminal,"Dubai, AE",1,0,Dormant account - reactivated,Not Fraud
user_3578,Loan Application,10680.31,14-02-2025 15:28,Tablet,"Dubai, AE",2,0,Frequent user - daily activity,Not Fraud
user_4215,Add Beneficiary,0,30-04-2025 11:49,Mobile-Android,"Singapore, SG",1,1,Regular user - consistent pattern,Not Fraud
user_2854,Wallet Top-up,1440.57,08-07-2025 21:37,ATM,"Chicago, US",2,0,Frequent user - daily activity,Not Fraud
user_4940,Login,0,15-08-2025 14:38,Mobile-Android,"London, UK",3,0,New user - no history,Not Fraud
user_9993,Bill Payment,2485.19,03-08-2025 02:31,Mobile-iOS,"Chicago, US",4,1,New user - no history,Not Fraud
user_3421,Loan Application,8874.84,21-01-2025 12:40,POS-Terminal,"Berlin, DE",2,1,Dormant account - reactivated,Not Fraud
user_1542,Login,0,26-06-2025 18:49,Mobile-Android,"Dubai, AE",4,0,Occasional user - sporadic activity,Not Fraud
user_2328,Money Transfer,13774.73,23-04-2025 13:51,ATM,"Singapore, SG",3,0,Regular user - consistent pattern,Not Fraud
user_6789,Password Change,0,23-08-2025 12:07,Tablet,"Moscow, RU",4,0,New user - no history,Not Fraud
user_9847,Card Swipe,150.72,08-02-2025 14:49,Mobile-iOS,"Dubai, AE",1,0,Regular user - consistent pattern,Not Fraud
user_7216,Card Swipe,29.79,03-06-2025 13:01,Mobile-Android,"New York, US",1,0,Dormant account - reactivated,Not Fraud
user_6922,Wallet Top-up,828.86,01-02-2025 08:24,Mobile-iOS,"Delhi, IN",4,0,Dormant account - reactivated,Not Fraud
user_1802,Password Change,0,28-05-2025 11:10,Desktop-Mac,"Sao Paulo, BR",3,0,Consistent single-device user,Not Fraud
user_7663,Online Purchase,724.97,28-04-2025 15:39,Tablet,"Mumbai, IN",10,1,Occasional user - sporadic activity,Not Fraud
user_5387,Login,0,06-03-2025 21:55,ATM,"Sydney, AU",6,3,Regular user - consistent pattern,Not Fraud
user_5237,Bill Payment,1644.7,05-03-2025 13:56,Tablet,"Houston, US",4,0,New user - no history,Not Fraud
user_3537,Money Transfer,2872.94,05-07-2025 12:43,Mobile-iOS,"Sydney, AU",3,1,Recently flagged - suspicious history,Not Fraud
user_5875,Bill Payment,67.02,03-02-2025 20:48,Desktop-Windows,"Sao Paulo, BR",5,0,New user - no history,Not Fraud
user_5126,Money Transfer,9266.21,11-06-2025 02:24,Desktop-Mac,"Chicago, US",7,0,Recently flagged - suspicious history,Fraud
user_4057,Add Beneficiary,0,05-04-2025 18:46,Desktop-Windows,"Lagos, NG",1,0,Regular user - consistent pattern,Not Fraud
user_8697,Add Beneficiary,0,09-08-2025 11:50,Desktop-Windows,"Sydney, AU",8,0,Regular user - consistent pattern,Not Fraud
user_2785,Password Change,0,13-05-2025 10:44,Mobile-iOS,"Dubai, AE",1,1,Occasional user - sporadic activity,Not Fraud
user_2008,Password Change,0,15-01-2025 01:43,ATM,"Toronto, CA",1,0,Dormant account - reactivated,Not Fraud
user_9621,ATM Withdrawal,297.69,06-07-2025 20:07,Mobile-iOS,"Berlin, DE",5,0,Consistent single-device user,Not Fraud
user_8642,Money Transfer,10910.34,01-06-2025 15:12,Mobile-Android,"Moscow, RU",1,0,Multiple device switches,Fraud
user_1642,Add Beneficiary,0,22-01-2025 20:46,ATM,"Moscow, RU",2,1,Dormant account - reactivated,Not Fraud
user_2561,Card Swipe,480.76,04-07-2025 20:49,ATM,"Sydney, AU",1,3,Frequent user - daily activity,Not Fraud
user_1481,Loan Application,2179.58,02-02-2025 18:07,ATM,"Moscow, RU",7,0,Multiple device switches,Fraud
user_8737,Card Swipe,139.3,05-07-2025 10:38,Desktop-Mac,"Singapore, SG",6,1,Multiple device switches,Not Fraud
user_6665,Bill Payment,2658.22,26-07-2025 06:38,Mobile-Android,"Singapore, SG",3,0,New user - no history,Not Fraud
user_4790,Add Beneficiary,0,07-01-2025 14:21,Tablet,"Chicago, US",10,0,Occasional user - sporadic activity,Not Fraud
user_9287,Bill Payment,225.14,18-04-2025 13:21,Mobile-Android,"Los Angeles, US",7,1,Recently flagged - suspicious history,Not Fraud
user_7672,Login,0,19-07-2025 19:40,ATM,"Mumbai, IN",2,0,Multiple device switches,Not Fraud
user_9508,Money Transfer,2374.43,05-01-2025 08:49,Mobile-Android,Tor Exit Node,6,0,Frequent user - daily activity,Not Fraud
user_2448,Login,0,19-01-2025 12:43,Desktop-Windows,Tor Exit Node,1,4,Frequent user - daily activity,Not Fraud
user_6579,Password Change,0,21-05-2025 03:27,Mobile-iOS,"Bangalore, IN",1,0,Consistent single-device user,Not Fraud
user_3336,Loan Application,4256.63,11-07-2025 14:16,Mobile-Android,"Chicago, US",2,0,Consistent single-device user,Not Fraud
user_5889,Online Purchase,1433.28,17-08-2025 17:35,Tablet,"Chicago, US",1,0,Dormant account - reactivated,Not Fraud
user_1874,Money Transfer,13357.16,05-06-2025 13:44,ATM,"New York, US",2,0,New user - no history,Not Fraud
user_5681,Loan Application,3676.47,30-05-2025 00:28,ATM,"Houston, US",4,1,Multiple device switches,Fraud
user_7158,ATM Withdrawal,416.84,10-07-2025 16:48,POS-Terminal,"Beijing, CN",4,2,New user - no history,Not Fraud
user_5842,Bill Payment,1608.12,26-05-2025 12:24,Mobile-iOS,"Chicago, US",3,0,Recently flagged - suspicious history,Not Fraud
user_4185,Bill Payment,2672.17,26-07-2025 07:53,ATM,"London, UK",4,1,Multiple device switches,Not Fraud
user_1897,Add Beneficiary,0,02-05-2025 16:01,Mobile-iOS,"Delhi, IN",1,1,Regular user - consistent pattern,Not Fraud
user_3849,Online Purchase,931.96,14-05-2025 22:46,Tablet,"London, UK",3,0,Dormant account - reactivated,Not Fraud
user_3269,Wallet Top-up,2272.25,01-01-2025 19:18,Desktop-Windows,"Kolkata, IN",6,0,Occasional user - sporadic activity,Not Fraud
user_8113,Password Change,0,20-07-2025 01:51,Mobile-iOS,"Delhi, IN",4,0,Occasional user - sporadic activity,Not Fraud
user_5358,Money Transfer,15682.84,15-04-2025 12:24,POS-Terminal,"Los Angeles, US",5,0,Consistent single-device user,Not Fraud
user_2609,Bill Payment,2300.64,28-03-2025 19:20,ATM,"Chicago, US",5,1,Multiple device switches,Not Fraud
user_3440,Online Purchase,1764.9,11-03-2025 18:54,POS-Terminal,"Singapore, SG",5,2,Occasional user - sporadic activity,Not Fraud
user_4665,Login,0,22-04-2025 00:54,Tablet,"Delhi, IN",6,0,Regular user - consistent pattern,Not Fraud
user_9255,Online Purchase,229.79,27-03-2025 17:52,ATM,"Kolkata, IN",5,0,New user - no history,Not Fraud
user_9647,Login,0,17-03-2025 16:17,POS-Terminal,"Moscow, RU",5,0,Consistent single-device user,Not Fraud
user_3903,Wallet Top-up,591.72,16-04-2025 15:28,POS-Terminal,"Chicago, US",4,0,Recently flagged - suspicious history,Not Fraud
user_1275,Card Swipe,225.92,15-01-2025 15:25,POS-Terminal,Tor Exit Node,6,1,Multiple device switches,Fraud
user_3247,Password Change,0,10-07-2025 00:51,ATM,"Sydney, AU",3,0,Multiple device switches,Not Fraud
user_3637,Loan Application,14000.64,09-03-2025 15:49,Mobile-Android,"Delhi, IN",2,0,New user - no history,Not Fraud
user_4320,Card Swipe,123.74,02-04-2025 22:59,POS-Terminal,Unknown Location,1,3,Multiple device switches,Not Fraud
user_8654,Wallet Top-up,2781.86,19-08-2025 13:13,Mobile-iOS,"Beijing, CN",1,0,Multiple device switches,Not Fraud
user_4585,Add Beneficiary,0,23-03-2025 10:32,Mobile-iOS,"Bangalore, IN",2,4,Multiple device switches,Not Fraud
user_4119,Online Purchase,1345.23,20-03-2025 20:34,Desktop-Windows,"Lagos, NG",4,0,Dormant account - reactivated,Not Fraud
user_3307,Add Beneficiary,0,25-01-2025 11:02,Desktop-Mac,"Toronto, CA",10,0,Frequent user - daily activity,Not Fraud
user_2664,Add Beneficiary,0,06-02-2025 13:06,Desktop-Mac,"Sao Paulo, BR",2,0,Occasional user - sporadic activity,Not Fraud
user_1229,Bill Payment,1918.99,31-05-2025 20:57,Tablet,"Dubai, AE",1,0,Multiple device switches,Not Fraud
user_6572,Card Swipe,394.35,14-07-2025 17:28,Desktop-Mac,"Singapore, SG",1,2,Frequent user - daily activity,Not Fraud
user_9442,Bill Payment,1632.82,28-03-2025 23:26,Mobile-iOS,"Lagos, NG",2,1,Consistent single-device user,Fraud
user_9922,Add Beneficiary,0,27-04-2025 12:59,Desktop-Mac,"Beijing, CN",2,3,Frequent user - daily activity,Not Fraud
user_9491,Bill Payment,2581,07-04-2025 00:48,Tablet,"Chicago, US",3,0,Frequent user - daily activity,Not Fraud
user_3608,Money Transfer,19843.41,04-01-2025 17:42,ATM,"Mumbai, IN",9,3,Recently flagged - suspicious history,Fraud
user_3463,Money Transfer,10480.61,27-05-2025 18:11,Mobile-iOS,"Mumbai, IN",2,0,Regular user - consistent pattern,Not Fraud
user_9753,ATM Withdrawal,125.26,20-07-2025 16:34,Tablet,"Singapore, SG",8,0,Regular user - consistent pattern,Not Fraud
user_4765,Wallet Top-up,1302.29,06-03-2025 17:45,Tablet,"Kolkata, IN",3,0,Dormant account - reactivated,Not Fraud
user_9391,Wallet Top-up,1890.4,26-04-2025 16:18,POS-Terminal,"Lagos, NG",2,2,Regular user - consistent pattern,Not Fraud
user_2501,Password Change,0,20-05-2025 21:15,Desktop-Mac,"Bangalore, IN",2,0,Occasional user - sporadic activity,Not Fraud
user_8405,ATM Withdrawal,196.42,04-07-2025 06:39,POS-Terminal,"Beijing, CN",2,0,Consistent single-device user,Not Fraud
user_9879,Bill Payment,2571.79,08-05-2025 15:27,POS-Terminal,"Dubai, AE",5,0,Frequent user - daily activity,Not Fraud
user_1625,Wallet Top-up,958.17,17-02-2025 14:25,POS-Terminal,"Moscow, RU",1,0,Recently flagged - suspicious history,Not Fraud
user_6904,Add Beneficiary,0,25-06-2025 12:39,Desktop-Mac,"Lagos, NG",1,0,Recently flagged - suspicious history,Fraud
user_3882,Password Change,0,16-02-2025 20:17,Tablet,"Delhi, IN",3,0,Dormant account - reactivated,Not Fraud
user_5819,Bill Payment,1916.71,17-05-2025 16:08,POS-Terminal,"Lagos, NG",1,0,Frequent user - daily activity,Not Fraud
user_9948,Loan Application,18694,21-01-2025 11:10,POS-Terminal,"Beijing, CN",2,0,Dormant account - reactivated,Not Fraud
user_3914,Password Change,0,14-04-2025 12:36,Tablet,"London, UK",3,0,Dormant account - reactivated,Not Fraud
user_2740,Wallet Top-up,2133.29,06-05-2025 12:01,Tablet,"London, UK",2,2,Dormant account - reactivated,Not Fraud
user_8991,ATM Withdrawal,414.18,10-06-2025 10:12,Tablet,"Chicago, US",3,0,New user - no history,Not Fraud
user_8884,Loan Application,9710.77,30-06-2025 02:33,Desktop-Windows,"Lagos, NG",1,0,Dormant account - reactivated,Fraud
user_7463,ATM Withdrawal,53.22,31-07-2025 11:06,Desktop-Windows,"Houston, US",1,0,Frequent user - daily activity,Not Fraud
user_8796,Wallet Top-up,296.65,23-03-2025 19:28,Mobile-Android,"New York, US",3,4,Occasional user - sporadic activity,Not Fraud
user_5644,Money Transfer,752.08,07-06-2025 11:29,Tablet,"Kolkata, IN",1,0,Consistent single-device user,Not Fraud
user_3156,Card Swipe,13.3,12-05-2025 12:15,Tablet,"Lagos, NG",4,0,Occasional user - sporadic activity,Not Fraud
user_8014,Add Beneficiary,0,17-07-2025 04:20,Tablet,"Sydney, AU",4,0,Consistent single-device user,Not Fraud
user_3264,Card Swipe,355.99,21-06-2025 14:47,Desktop-Windows,"Lagos, NG",2,0,Dormant account - reactivated,Not Fraud
user_5719,Bill Payment,1508.58,31-01-2025 11:39,Mobile-Android,"Dubai, AE",2,0,Occasional user - sporadic activity,Not Fraud
user_1645,Login,0,13-06-2025 08:19,Mobile-iOS,"Lagos, NG",6,0,Frequent user - daily activity,Not Fraud
user_2896,Password Change,0,02-01-2025 20:04,Desktop-Windows,"Mumbai, IN",1,0,Multiple device switches,Not Fraud
user_3984,Money Transfer,5713.99,07-06-2025 10:33,Desktop-Mac,"Delhi, IN",3,1,Occasional user - sporadic activity,Not Fraud
user_4638,Add Beneficiary,0,23-04-2025 13:40,POS-Terminal,"Kolkata, IN",3,0,Regular user - consistent pattern,Not Fraud
user_7001,Wallet Top-up,2954.45,15-03-2025 17:58,Mobile-iOS,"Kolkata, IN",1,0,Occasional user - sporadic activity,Not Fraud
user_2734,Bill Payment,575.32,06-02-2025 04:12,ATM,"Moscow, RU",3,0,Regular user - consistent pattern,Not Fraud
user_1132,Money Transfer,10415.83,22-02-2025 12:31,POS-Terminal,"Lagos, NG",2,0,Consistent single-device user,Not Fraud
user_9498,Money Transfer,13319.89,31-03-2025 09:11,Desktop-Mac,"Bangalore, IN",1,4,Recently flagged - suspicious history,Fraud
user_3222,Add Beneficiary,0,25-03-2025 08:36,Mobile-iOS,"Moscow, RU",2,1,Consistent single-device user,Not Fraud
user_4950,Money Transfer,7880.29,23-04-2025 14:11,Mobile-Android,"Moscow, RU",1,0,Frequent user - daily activity,Not Fraud
user_4049,Login,0,28-05-2025 11:11,Tablet,"Singapore, SG",1,0,Occasional user - sporadic activity,Not Fraud
user_6356,Loan Application,1553.49,06-02-2025 11:35,Mobile-iOS,"Singapore, SG",2,0,Frequent user - daily activity,Not Fraud
user_9850,Online Purchase,964.01,01-02-2025 22:17,Desktop-Mac,"Sao Paulo, BR",2,1,Consistent single-device user,Not Fraud
user_3647,Add Beneficiary,0,27-03-2025 11:01,Desktop-Windows,"Singapore, SG",3,4,Consistent single-device user,Not Fraud
user_2908,Bill Payment,2680.35,30-05-2025 15:54,Desktop-Mac,"New York, US",3,0,Occasional user - sporadic activity,Not Fraud
user_6424,Online Purchase,2001.83,22-08-2025 15:48,Desktop-Mac,"Sao Paulo, BR",1,1,Dormant account - reactivated,Not Fraud
user_9502,Online Purchase,396.35,26-01-2025 01:43,Mobile-iOS,"Berlin, DE",2,1,Regular user - consistent pattern,Not Fraud
user_4087,Bill Payment,117.78,06-05-2025 02:48,Tablet,"Dubai, AE",3,0,Consistent single-device user,Not Fraud
user_7098,Wallet Top-up,1075.31,25-08-2025 10:34,Mobile-Android,"Berlin, DE",7,1,Regular user - consistent pattern,Not Fraud
user_5949,Online Purchase,2768.02,07-08-2025 16:52,ATM,"Lagos, NG",1,0,Occasional user - sporadic activity,Not Fraud
user_2533,Login,0,12-02-2025 18:41,ATM,Unknown Location,7,1,Regular user - consistent pattern,Not Fraud
user_5960,Online Purchase,1436.52,19-02-2025 16:47,Mobile-Android,"Moscow, RU",1,0,Multiple device switches,Not Fraud
user_4447,Loan Application,10022.31,12-04-2025 16:07,Mobile-Android,"Moscow, RU",4,0,Occasional user - sporadic activity,Fraud
user_7719,Card Swipe,378.8,17-07-2025 08:07,POS-Terminal,"Beijing, CN",1,0,New user - no history,Not Fraud
user_3960,Login,0,25-04-2025 08:46,Mobile-iOS,"Sao Paulo, BR",3,3,Consistent single-device user,Not Fraud
user_4243,Loan Application,14948.12,19-02-2025 09:18,Desktop-Mac,"Delhi, IN",1,0,Occasional user - sporadic activity,Not Fraud
user_5939,Wallet Top-up,315.37,26-01-2025 18:18,Mobile-Android,"Toronto, CA",4,1,Occasional user - sporadic activity,Not Fraud
user_6351,Bill Payment,454.63,04-08-2025 10:08,ATM,"Lagos, NG",4,0,Dormant account - reactivated,Not Fraud
user_2081,Login,0,20-06-2025 19:13,Tablet,"Moscow, RU",1,1,Consistent single-device user,Not Fraud
user_4749,Card Swipe,68.14,02-04-2025 10:27,Tablet,"Mumbai, IN",2,0,Occasional user - sporadic activity,Not Fraud
user_5249,Money Transfer,17767.64,04-05-2025 18:01,Mobile-Android,"Delhi, IN",2,0,Frequent user - daily activity,Not Fraud
user_1988,Bill Payment,1799.21,22-01-2025 04:46,Desktop-Mac,"Delhi, IN",3,0,Occasional user - sporadic activity,Not Fraud
user_5610,Wallet Top-up,1952.03,08-03-2025 21:21,ATM,"Chicago, US",6,0,Regular user - consistent pattern,Not Fraud
user_5676,Login,0,07-06-2025 10:07,Desktop-Windows,"Singapore, SG",2,0,Consistent single-device user,Not Fraud
user_7933,ATM Withdrawal,315.22,19-07-2025 12:37,Desktop-Windows,"Mumbai, IN",2,0,Frequent user - daily activity,Not Fraud
user_8857,Money Transfer,2780.34,01-01-2025 19:29,Mobile-Android,"New York, US",1,0,New user - no history,Not Fraud
user_7759,Wallet Top-up,693.4,24-01-2025 13:17,Desktop-Mac,"Chicago, US",2,0,New user - no history,Not Fraud
user_8336,Money Transfer,3005.24,29-03-2025 01:46,POS-Terminal,"Los Angeles, US",1,0,Multiple device switches,Fraud
user_2665,Online Purchase,166.38,13-01-2025 17:21,ATM,"Singapore, SG",2,0,Recently flagged - suspicious history,Not Fraud
user_5919,Online Purchase,2404.07,07-01-2025 09:45,Mobile-Android,"Lagos, NG",1,0,Dormant account - reactivated,Not Fraud
user_5157,Card Swipe,24.55,20-02-2025 08:00,POS-Terminal,"Berlin, DE",4,0,Occasional user - sporadic activity,Not Fraud
user_5165,Add Beneficiary,0,08-02-2025 20:27,Mobile-Android,"Mumbai, IN",1,0,Occasional user - sporadic activity,Not Fraud
user_1310,Login,0,17-04-2025 04:17,Desktop-Mac,"Los Angeles, US",8,0,Regular user - consistent pattern,Not Fraud
user_2908,Login,0,30-04-2025 13:31,Mobile-Android,"Singapore, SG",1,1,Recently flagged - suspicious history,Not Fraud
user_2113,Loan Application,15157.88,11-03-2025 20:40,Tablet,"New York, US",1,5,New user - no history,Fraud
user_1692,ATM Withdrawal,309.17,18-03-2025 14:51,POS-Terminal,"Dubai, AE",5,3,Multiple device switches,Not Fraud
user_9670,Card Swipe,323.05,01-06-2025 16:12,Desktop-Mac,"Beijing, CN",5,0,Recently flagged - suspicious history,Not Fraud
user_7731,Add Beneficiary,0,05-05-2025 22:09,Desktop-Windows,"Kolkata, IN",2,0,Frequent user - daily activity,Not Fraud
user_3854,Password Change,0,26-06-2025 13:13,Tablet,"Beijing, CN",3,0,New user - no history,Not Fraud
user_1240,Money Transfer,14244.16,21-04-2025 21:10,ATM,"Kolkata, IN",3,0,Consistent single-device user,Not Fraud
user_9447,Card Swipe,411.71,23-01-2025 14:10,Desktop-Mac,"Los Angeles, US",1,1,Regular user - consistent pattern,Not Fraud
user_2557,Wallet Top-up,2831.42,25-06-2025 19:15,POS-Terminal,"Sao Paulo, BR",3,0,Consistent single-device user,Not Fraud
user_2834,Money Transfer,19521.43,18-05-2025 22:46,Tablet,"Moscow, RU",8,3,Regular user - consistent pattern,Fraud
user_9955,Add Beneficiary,0,05-02-2025 20:19,Mobile-iOS,"Berlin, DE",2,2,Dormant account - reactivated,Not Fraud
user_9407,Online Purchase,1715.41,23-04-2025 13:32,Mobile-Android,"Sydney, AU",1,0,Regular user - consistent pattern,Not Fraud
user_8754,Money Transfer,16584.77,25-05-2025 09:12,Mobile-Android,"Toronto, CA",2,1,New user - no history,Not Fraud
user_9186,Loan Application,5444.8,24-05-2025 08:42,Tablet,"Chicago, US",4,0,Consistent single-device user,Not Fraud
user_5376,Login,0,31-01-2025 15:14,Desktop-Windows,"Singapore, SG",1,0,New user - no history,Not Fraud
user_7998,Login,0,05-03-2025 13:35,Mobile-iOS,"Sydney, AU",3,2,Frequent user - daily activity,Not Fraud
user_7183,Password Change,0,29-05-2025 07:59,ATM,"Dubai, AE",3,0,Occasional user - sporadic activity,Not Fraud
user_1740,Loan Application,18528.23,06-06-2025 17:18,Desktop-Mac,"Delhi, IN",1,0,Multiple device switches,Not Fraud
user_5352,Card Swipe,260.73,09-02-2025 08:28,Tablet,"Mumbai, IN",2,0,Dormant account - reactivated,Not Fraud
user_7662,ATM Withdrawal,275.88,22-07-2025 08:32,ATM,"London, UK",2,0,Frequent user - daily activity,Not Fraud
user_1673,Add Beneficiary,0,03-05-2025 08:16,Mobile-iOS,"Kolkata, IN",4,0,New user - no history,Not Fraud
user_1361,Loan Application,16668.76,01-08-2025 07:04,Mobile-Android,"Lagos, NG",4,1,Dormant account - reactivated,Fraud
user_3674,Online Purchase,2145.63,04-07-2025 07:13,Desktop-Mac,"Singapore, SG",2,5,Regular user - consistent pattern,Not Fraud
user_6262,Wallet Top-up,1535.58,29-06-2025 12:49,Mobile-Android,"Singapore, SG",2,4,Recently flagged - suspicious history,Fraud
user_3040,Loan Application,1992.36,19-02-2025 11:02,POS-Terminal,"Toronto, CA",1,0,Multiple device switches,Not Fraud
user_8701,Card Swipe,449.32,13-05-2025 21:04,Mobile-iOS,"Beijing, CN",3,0,Regular user - consistent pattern,Not Fraud
user_9864,Login,0,22-05-2025 20:29,Mobile-iOS,"Los Angeles, US",1,0,New user - no history,Not Fraud
user_6348,Loan Application,3734.92,20-05-2025 12:24,Desktop-Mac,"Moscow, RU",2,2,Frequent user - daily activity,Fraud
user_7485,Loan Application,11013.56,26-05-2025 11:32,Desktop-Windows,"Beijing, CN",5,0,Recently flagged - suspicious history,Fraud
user_1807,Money Transfer,2526.13,16-02-2025 08:38,Mobile-Android,"Dubai, AE",4,5,Frequent user - daily activity,Not Fraud
user_1728,Password Change,0,19-04-2025 07:30,POS-Terminal,"Sao Paulo, BR",1,0,Multiple device switches,Not Fraud
user_7901,Password Change,0,02-02-2025 10:45,Mobile-Android,"Sydney, AU",1,0,Regular user - consistent pattern,Not Fraud
user_1805,Login,0,19-03-2025 15:41,ATM,"Chicago, US",2,0,Occasional user - sporadic activity,Not Fraud
user_5805,Add Beneficiary,0,12-03-2025 23:43,ATM,"Singapore, SG",5,0,Multiple device switches,Fraud
user_7724,Login,0,11-02-2025 11:27,Mobile-Android,"Dubai, AE",7,0,Dormant account - reactivated,Not Fraud
user_6569,Wallet Top-up,2677.93,16-07-2025 15:50,Desktop-Windows,"Kolkata, IN",1,0,Regular user - consistent pattern,Not Fraud
user_3143,Online Purchase,2571.83,13-08-2025 12:51,Desktop-Mac,"Berlin, DE",5,0,Multiple device switches,Not Fraud
user_5738,Login,0,04-06-2025 07:40,Tablet,"Mumbai, IN",7,0,Multiple device switches,Not Fraud
user_2940,Bill Payment,460.71,26-04-2025 09:48,Desktop-Mac,"Kolkata, IN",2,1,Recently flagged - suspicious history,Not Fraud
user_3200,Password Change,0,27-01-2025 16:24,Mobile-Android,"Houston, US",4,0,Dormant account - reactivated,Not Fraud
user_5115,Wallet Top-up,2391.66,14-07-2025 16:03,Tablet,"New York, US",2,0,Multiple device switches,Not Fraud
user_3094,Online Purchase,2624.48,02-04-2025 09:38,Desktop-Mac,Unknown Location,6,3,Recently flagged - suspicious history,Fraud
user_3210,Add Beneficiary,0,13-06-2025 19:54,ATM,"Delhi, IN",1,0,Occasional user - sporadic activity,Not Fraud
user_4340,Wallet Top-up,757.43,29-03-2025 18:56,Mobile-iOS,"Delhi, IN",3,1,Regular user - consistent pattern,Not Fraud
user_6740,Bill Payment,1108.64,21-03-2025 10:32,Mobile-iOS,"Chicago, US",3,1,Dormant account - reactivated,Not Fraud
user_6931,ATM Withdrawal,33.1,20-03-2025 17:27,POS-Terminal,"Mumbai, IN",3,0,Occasional user - sporadic activity,Not Fraud
user_2256,Money Transfer,2841.88,25-04-2025 09:59,Desktop-Windows,"Berlin, DE",3,1,Consistent single-device user,Not Fraud
user_2390,Card Swipe,224.81,04-03-2025 18:48,POS-Terminal,"Toronto, CA",3,1,Consistent single-device user,Not Fraud
user_1503,Online Purchase,2603.49,13-02-2025 15:24,ATM,"Los Angeles, US",2,1,Regular user - consistent pattern,Not Fraud
user_7341,Online Purchase,2480.97,19-02-2025 10:45,Mobile-Android,"Delhi, IN",10,4,Dormant account - reactivated,Fraud
user_3372,ATM Withdrawal,315.82,14-08-2025 10:54,Desktop-Windows,"New York, US",5,2,New user - no history,Not Fraud
user_2132,Add Beneficiary,0,12-05-2025 13:32,Mobile-Android,"Dubai, AE",2,0,Recently flagged - suspicious history,Not Fraud
user_5286,ATM Withdrawal,219.47,17-05-2025 19:13,Desktop-Windows,"Beijing, CN",2,0,Consistent single-device user,Not Fraud
user_2755,Login,0,22-08-2025 16:41,ATM,"Sao Paulo, BR",2,0,New user - no history,Not Fraud
user_9792,Card Swipe,480.57,18-05-2025 14:16,POS-Terminal,"Delhi, IN",3,0,Occasional user - sporadic activity,Not Fraud
user_1998,ATM Withdrawal,496.67,04-02-2025 11:37,ATM,"Bangalore, IN",1,0,Occasional user - sporadic activity,Not Fraud
user_7174,Online Purchase,114.11,19-05-2025 07:46,POS-Terminal,"Kolkata, IN",4,0,Occasional user - sporadic activity,Not Fraud
user_4709,Loan Application,9018.13,22-07-2025 14:15,Mobile-Android,"Chicago, US",1,0,Consistent single-device user,Not Fraud
user_4442,Bill Payment,1553.66,28-05-2025 14:03,Tablet,Unknown Location,1,0,New user - no history,Not Fraud
user_3879,Login,0,09-04-2025 00:44,Desktop-Mac,"Bangalore, IN",1,3,Consistent single-device user,Not Fraud
user_2993,Login,0,18-02-2025 14:52,Desktop-Windows,"Delhi, IN",1,0,Frequent user - daily activity,Not Fraud
user_5740,Password Change,0,31-05-2025 16:41,Tablet,"Sao Paulo, BR",4,0,Occasional user - sporadic activity,Not Fraud
user_7695,Loan Application,6362.02,01-01-2025 17:06,Mobile-iOS,"Sao Paulo, BR",10,0,Multiple device switches,Fraud
user_1057,Password Change,0,10-07-2025 19:17,Tablet,"Delhi, IN",5,0,Regular user - consistent pattern,Not Fraud
user_7915,ATM Withdrawal,55.09,23-08-2025 00:41,Desktop-Windows,"Toronto, CA",1,0,Frequent user - daily activity,Not Fraud
user_1025,Card Swipe,275.41,25-08-2025 07:39,Tablet,"London, UK",3,0,Regular user - consistent pattern,Not Fraud
user_4189,Add Beneficiary,0,22-05-2025 12:12,Mobile-iOS,"Mumbai, IN",4,0,Multiple device switches,Not Fraud
user_7363,Loan Application,9209.31,21-04-2025 00:14,Tablet,"Lagos, NG",6,0,Consistent single-device user,Fraud
user_2190,Password Change,0,20-04-2025 01:51,Mobile-iOS,"Mumbai, IN",5,0,Multiple device switches,Not Fraud
user_4878,Bill Payment,71.72,29-06-2025 06:27,ATM,"Kolkata, IN",2,4,Occasional user - sporadic activity,Not Fraud
user_1240,ATM Withdrawal,489.11,18-08-2025 15:00,Tablet,"Mumbai, IN",1,0,Consistent single-device user,Not Fraud
user_6150,Money Transfer,9238.38,21-06-2025 13:45,POS-Terminal,"Chicago, US",1,0,New user - no history,Not Fraud
user_9877,Wallet Top-up,438.24,14-04-2025 07:45,Mobile-iOS,"Bangalore, IN",1,0,Consistent single-device user,Not Fraud
user_9392,Loan Application,1535.24,22-08-2025 03:45,Desktop-Windows,"Sao Paulo, BR",2,3,New user - no history,Fraud
user_6678,ATM Withdrawal,192.7,22-04-2025 19:02,ATM,"Sydney, AU",1,0,Occasional user - sporadic activity,Not Fraud
user_9141,Login,0,13-01-2025 17:01,Mobile-Android,"Moscow, RU",1,1,Dormant account - reactivated,Not Fraud
user_8526,Bill Payment,637.76,01-05-2025 08:54,Mobile-iOS,"Sydney, AU",6,0,Recently flagged - suspicious history,Not Fraud
user_1957,Money Transfer,9735.22,13-05-2025 16:58,Mobile-iOS,"Chicago, US",1,0,New user - no history,Not Fraud
user_7876,Money Transfer,7820.25,23-07-2025 21:59,ATM,"Mumbai, IN",2,0,Dormant account - reactivated,Not Fraud
user_1966,Money Transfer,2367.56,15-02-2025 12:00,ATM,"Bangalore, IN",5,5,New user - no history,Not Fraud
user_4046,Add Beneficiary,0,10-07-2025 06:56,Desktop-Windows,"London, UK",5,1,Regular user - consistent pattern,Not Fraud
user_3230,Online Purchase,136.33,01-06-2025 13:51,Desktop-Windows,"Beijing, CN",1,0,New user - no history,Not Fraud
user_6116,Wallet Top-up,2135.57,15-06-2025 17:14,Mobile-iOS,"Berlin, DE",2,0,Frequent user - daily activity,Not Fraud
user_6646,Bill Payment,1787.56,30-01-2025 10:30,Desktop-Mac,"Dubai, AE",1,0,Occasional user - sporadic activity,Not Fraud
user_4312,ATM Withdrawal,407.36,05-07-2025 06:57,ATM,"Los Angeles, US",1,0,Dormant account - reactivated,Not Fraud
user_7607,Online Purchase,2055.38,24-02-2025 05:57,ATM,"Berlin, DE",2,0,Frequent user - daily activity,Not Fraud
user_3480,Add Beneficiary,0,11-03-2025 14:25,Tablet,"Bangalore, IN",4,0,Frequent user - daily activity,Not Fraud
user_5908,Wallet Top-up,1512.62,24-07-2025 14:11,Mobile-iOS,"Delhi, IN",9,3,Recently flagged - suspicious history,Fraud
user_3259,Wallet Top-up,147.06,24-04-2025 11:28,Desktop-Windows,"Sao Paulo, BR",2,0,Dormant account - reactivated,Not Fraud
user_2311,Password Change,0,25-05-2025 22:10,Mobile-iOS,"Sao Paulo, BR",1,0,Dormant account - reactivated,Not Fraud
user_2755,Login,0,07-07-2025 13:44,Mobile-Android,"Beijing, CN",3,2,New user - no history,Not Fraud
user_8580,Wallet Top-up,2824.5,06-02-2025 07:43,Desktop-Windows,"Berlin, DE",4,0,Multiple device switches,Not Fraud
user_3902,Bill Payment,1903.37,24-08-2025 12:39,Mobile-iOS,"Toronto, CA",6,0,New user - no history,Not Fraud
user_1010,Money Transfer,13353.88,20-07-2025 09:57,ATM,"Singapore, SG",2,4,Regular user - consistent pattern,Not Fraud
user_7843,Login,0,24-02-2025 06:07,ATM,"Sao Paulo, BR",1,2,Recently flagged - suspicious history,Not Fraud
user_6567,Login,0,07-05-2025 13:02,Mobile-Android,"Berlin, DE",4,2,Consistent single-device user,Not Fraud
user_6797,Loan Application,13497.72,20-06-2025 16:58,ATM,"Dubai, AE",1,5,Recently flagged - suspicious history,Fraud
user_4542,ATM Withdrawal,388.7,29-05-2025 00:44,Mobile-Android,"New York, US",2,3,Frequent user - daily activity,Not Fraud
user_5656,Money Transfer,1486.57,25-01-2025 11:39,Mobile-iOS,"Kolkata, IN",2,0,Occasional user - sporadic activity,Not Fraud
user_6884,Password Change,0,06-04-2025 18:15,POS-Terminal,"Lagos, NG",1,0,New user - no history,Not Fraud
user_1971,Add Beneficiary,0,04-01-2025 22:36,POS-Terminal,"New York, US",3,3,Regular user - consistent pattern,Not Fraud
user_9957,Add Beneficiary,0,12-01-2025 17:30,ATM,"Beijing, CN",1,0,Recently flagged - suspicious history,Not Fraud
user_4568,Online Purchase,1712.98,06-04-2025 11:37,ATM,"London, UK",1,0,Multiple device switches,Not Fraud
user_6475,Password Change,0,31-03-2025 00:10,ATM,"New York, US",2,5,Dormant account - reactivated,Fraud
user_3130,Add Beneficiary,0,18-05-2025 09:06,Desktop-Windows,"Houston, US",1,0,Occasional user - sporadic activity,Not Fraud
user_4626,ATM Withdrawal,172.2,21-07-2025 07:00,Mobile-Android,"Lagos, NG",3,2,Regular user - consistent pattern,Not Fraud
user_9863,Wallet Top-up,2741.01,08-02-2025 14:15,Mobile-Android,"Los Angeles, US",2,0,Occasional user - sporadic activity,Not Fraud
user_5613,Password Change,0,27-04-2025 22:59,Desktop-Windows,"Sao Paulo, BR",10,0,Consistent single-device user,Not Fraud
user_4048,Money Transfer,3461.29,21-03-2025 18:49,Mobile-iOS,"Delhi, IN",1,2,Multiple device switches,Not Fraud
user_1138,Bill Payment,1375.43,07-03-2025 11:11,Desktop-Mac,"Kolkata, IN",6,1,Occasional user - sporadic activity,Not Fraud
user_8289,Money Transfer,1862.14,02-07-2025 11:10,ATM,"Lagos, NG",1,0,Occasional user - sporadic activity,Not Fraud
user_3800,Money Transfer,7083.8,14-05-2025 21:50,Tablet,"Singapore, SG",4,1,New user - no history,Not Fraud
user_9243,Add Beneficiary,0,21-05-2025 09:23,Tablet,"Los Angeles, US",3,0,Consistent single-device user,Not Fraud
user_3743,Money Transfer,7665.31,12-07-2025 14:45,ATM,"Mumbai, IN",1,0,Frequent user - daily activity,Not Fraud
user_9970,Add Beneficiary,0,21-08-2025 16:09,Tablet,"Bangalore, IN",1,0,Dormant account - reactivated,Not Fraud
user_1875,Money Transfer,19908.81,03-05-2025 08:46,Mobile-iOS,"New York, US",1,0,Recently flagged - suspicious history,Fraud
user_3088,Online Purchase,410.13,23-01-2025 22:03,Desktop-Windows,"Toronto, CA",9,1,Occasional user - sporadic activity,Not Fraud
user_2797,Money Transfer,8458.13,04-06-2025 22:23,POS-Terminal,"Houston, US",1,0,Regular user - consistent pattern,Not Fraud
user_1591,Online Purchase,2936.13,08-02-2025 10:45,Mobile-iOS,"Dubai, AE",1,0,Dormant account - reactivated,Not Fraud
user_2691,Online Purchase,1121.93,14-07-2025 09:57,Mobile-iOS,"Sydney, AU",2,2,Multiple device switches,Not Fraud
user_7485,Online Purchase,13.64,03-07-2025 23:03,ATM,"Moscow, RU",7,0,Consistent single-device user,Fraud
user_7518,Loan Application,1964.28,19-01-2025 14:08,POS-Terminal,"New York, US",1,0,Multiple device switches,Not Fraud
user_8695,ATM Withdrawal,195.28,30-05-2025 16:55,POS-Terminal,"Kolkata, IN",1,3,Regular user - consistent pattern,Not Fraud
user_5062,Wallet Top-up,2464.43,11-02-2025 05:24,Mobile-iOS,"Lagos, NG",5,0,New user - no history,Not Fraud
user_8976,Login,0,23-05-2025 14:23,Desktop-Windows,"Kolkata, IN",2,4,Multiple device switches,Not Fraud
user_1664,Add Beneficiary,0,09-02-2025 10:25,Mobile-Android,"Lagos, NG",5,0,Regular user - consistent pattern,Not Fraud
user_5173,ATM Withdrawal,331.45,20-02-2025 13:27,POS-Terminal,"Toronto, CA",4,1,Multiple device switches,Not Fraud
user_1139,ATM Withdrawal,327.14,03-02-2025 12:29,ATM,"Houston, US",1,2,New user - no history,Not Fraud
user_5841,Bill Payment,770.9,24-08-2025 18:42,ATM,"Sao Paulo, BR",7,0,Dormant account - reactivated,Not Fraud
user_3478,Money Transfer,13599.6,11-01-2025 20:40,Tablet,"Sao Paulo, BR",7,0,New user - no history,Not Fraud
user_3416,Online Purchase,2174.44,18-06-2025 21:45,Tablet,"Lagos, NG",2,0,Dormant account - reactivated,Not Fraud
user_5615,Card Swipe,487.31,15-01-2025 09:23,Desktop-Windows,"Sydney, AU",1,0,Frequent user - daily activity,Not Fraud
user_4946,Money Transfer,1619.78,16-05-2025 19:54,Desktop-Mac,"Delhi, IN",2,1,Dormant account - reactivated,Not Fraud
user_7396,Loan Application,13519.03,13-04-2025 14:50,Tablet,"Sao Paulo, BR",4,5,Dormant account - reactivated,Fraud
user_4930,Add Beneficiary,0,11-03-2025 12:30,Desktop-Mac,"Delhi, IN",4,1,Multiple device switches,Not Fraud
user_8059,Online Purchase,2718.3,15-03-2025 08:11,Desktop-Windows,"New York, US",3,0,Dormant account - reactivated,Not Fraud
user_6019,Wallet Top-up,267.18,02-06-2025 11:48,Mobile-iOS,"Toronto, CA",7,0,Multiple device switches,Not Fraud
user_8318,Bill Payment,342.96,11-08-2025 21:00,Desktop-Windows,"Chicago, US",2,1,New user - no history,Not Fraud
user_3975,Add Beneficiary,0,14-01-2025 08:52,POS-Terminal,"Kolkata, IN",3,0,Frequent user - daily activity,Not Fraud
user_7806,Money Transfer,6054.9,03-07-2025 11:19,ATM,"Los Angeles, US",3,0,Consistent single-device user,Not Fraud
user_2708,Login,0,07-07-2025 01:41,Mobile-Android,"Sydney, AU",2,0,Occasional user - sporadic activity,Not Fraud
user_2300,Password Change,0,23-08-2025 18:28,Tablet,"Toronto, CA",1,0,Recently flagged - suspicious history,Not Fraud
user_8093,Wallet Top-up,2393.54,16-06-2025 10:54,POS-Terminal,"Sydney, AU",1,0,Occasional user - sporadic activity,Not Fraud
user_9667,Add Beneficiary,0,30-07-2025 19:56,Mobile-iOS,"London, UK",2,0,Multiple device switches,Not Fraud
user_6307,Add Beneficiary,0,29-01-2025 09:29,Desktop-Windows,"Singapore, SG",3,0,Dormant account - reactivated,Not Fraud
user_8197,Wallet Top-up,193.33,16-06-2025 21:23,Tablet,"Beijing, CN",1,0,Occasional user - sporadic activity,Not Fraud
user_3097,Money Transfer,6218.32,19-02-2025 11:42,Mobile-Android,"Delhi, IN",3,0,New user - no history,Not Fraud
user_7520,Wallet Top-up,2419.34,21-08-2025 17:31,Mobile-Android,"Houston, US",1,0,Dormant account - reactivated,Not Fraud
user_7402,Bill Payment,2719.92,28-05-2025 01:41,POS-Terminal,"Moscow, RU",2,0,Occasional user - sporadic activity,Not Fraud
user_6771,Online Purchase,2729.09,27-06-2025 08:09,ATM,"Dubai, AE",1,0,Occasional user - sporadic activity,Not Fraud
user_5707,Password Change,0,01-08-2025 20:44,ATM,"Dubai, AE",4,0,Frequent user - daily activity,Not Fraud
user_7993,Money Transfer,10170.15,24-01-2025 23:30,Mobile-Android,"Lagos, NG",2,0,Multiple device switches,Fraud
user_9284,Bill Payment,2490.15,04-01-2025 09:02,Desktop-Mac,"Chicago, US",2,0,Frequent user - daily activity,Not Fraud
user_3996,Money Transfer,19274.97,11-06-2025 13:50,Desktop-Mac,Unknown Location,4,0,Recently flagged - suspicious history,Fraud
user_8839,Online Purchase,976.31,23-02-2025 18:08,Mobile-iOS,"Kolkata, IN",9,0,Occasional user - sporadic activity,Not Fraud
user_1276,Money Transfer,15099.91,24-05-2025 11:09,POS-Terminal,"Dubai, AE",3,1,Occasional user - sporadic activity,Not Fraud
user_6795,Add Beneficiary,0,16-08-2025 04:11,Tablet,"Kolkata, IN",2,0,Regular user - consistent pattern,Not Fraud
user_8844,Online Purchase,204.67,11-03-2025 16:34,Desktop-Mac,"Beijing, CN",2,0,Frequent user - daily activity,Not Fraud
user_8955,Password Change,0,17-07-2025 10:35,Mobile-Android,"Beijing, CN",2,0,New user - no history,Not Fraud
user_3859,Add Beneficiary,0,15-03-2025 16:32,POS-Terminal,"Delhi, IN",3,1,Dormant account - reactivated,Not Fraud
user_2036,Password Change,0,12-01-2025 18:50,Desktop-Windows,"Toronto, CA",3,1,New user - no history,Not Fraud
user_2416,Add Beneficiary,0,20-01-2025 23:17,Tablet,"Berlin, DE",3,0,Recently flagged - suspicious history,Not Fraud
user_7159,Loan Application,19696.08,08-05-2025 15:28,Desktop-Windows,"Berlin, DE",1,2,Occasional user - sporadic activity,Not Fraud
user_5155,Bill Payment,1306.62,09-06-2025 08:00,ATM,"Beijing, CN",1,1,New user - no history,Not Fraud
user_6037,Money Transfer,18818.98,21-04-2025 15:48,Tablet,"Delhi, IN",2,0,Multiple device switches,Fraud
user_8775,Online Purchase,227.21,01-03-2025 12:57,Mobile-Android,"Berlin, DE",9,0,Consistent single-device user,Not Fraud
user_8542,Password Change,0,09-06-2025 17:33,Desktop-Mac,"Beijing, CN",2,0,Frequent user - daily activity,Not Fraud
user_6058,Online Purchase,350.29,26-03-2025 07:49,Desktop-Windows,"Houston, US",8,1,Dormant account - reactivated,Not Fraud
user_4820,Money Transfer,2937.4,01-04-2025 08:37,ATM,"New York, US",2,2,Recently flagged - suspicious history,Not Fraud
user_8472,ATM Withdrawal,245.17,18-04-2025 17:00,Tablet,"Bangalore, IN",2,0,Multiple device switches,Not Fraud
user_8337,Loan Application,9030.27,28-07-2025 11:05,Mobile-iOS,"Delhi, IN",2,1,Regular user - consistent pattern,Not Fraud
user_6416,Login,0,22-03-2025 00:15,POS-Terminal,"London, UK",1,0,Multiple device switches,Not Fraud
user_7989,Loan Application,3770.11,14-08-2025 13:05,POS-Terminal,"Lagos, NG",2,0,Multiple device switches,Fraud
user_6260,Online Purchase,153.39,03-01-2025 12:29,Mobile-iOS,"Mumbai, IN",1,0,Consistent single-device user,Not Fraud
user_4381,Add Beneficiary,0,22-03-2025 11:05,Tablet,"Toronto, CA",2,2,Dormant account - reactivated,Not Fraud
user_5615,Add Beneficiary,0,26-03-2025 16:15,ATM,"London, UK",6,3,Frequent user - daily activity,Not Fraud
user_5217,Money Transfer,15844.56,26-05-2025 11:07,Tablet,"Lagos, NG",4,0,Recently flagged - suspicious history,Fraud
user_5670,Online Purchase,1726.89,05-01-2025 10:26,Tablet,"Berlin, DE",5,1,Occasional user - sporadic activity,Not Fraud
user_6377,Wallet Top-up,1263.28,28-08-2025 15:30,Mobile-iOS,"Kolkata, IN",3,0,Recently flagged - suspicious history,Not Fraud
user_5082,Bill Payment,315.32,27-05-2025 00:57,Desktop-Mac,"Chicago, US",3,0,Consistent single-device user,Not Fraud
user_8846,Password Change,0,31-03-2025 11:54,Mobile-iOS,"Toronto, CA",4,0,Dormant account - reactivated,Not Fraud
user_3161,Bill Payment,116.69,26-05-2025 00:19,Desktop-Mac,"Dubai, AE",2,0,Frequent user - daily activity,Not Fraud
user_1894,Login,0,02-04-2025 08:47,Mobile-Android,"Chicago, US",1,1,Consistent single-device user,Not Fraud
user_6836,Wallet Top-up,2122.4,28-03-2025 12:21,POS-Terminal,"Beijing, CN",2,0,Multiple device switches,Not Fraud
user_4578,Money Transfer,5258.77,08-03-2025 12:19,POS-Terminal,"Mumbai, IN",2,0,Frequent user - daily activity,Not Fraud
user_7078,Login,0,16-02-2025 20:18,Mobile-iOS,"Dubai, AE",1,1,Occasional user - sporadic activity,Not Fraud
user_5074,Online Purchase,933.53,23-02-2025 11:16,POS-Terminal,"Los Angeles, US",2,1,Multiple device switches,Not Fraud
user_7492,Wallet Top-up,2494.43,16-06-2025 01:50,Desktop-Windows,"Sao Paulo, BR",6,0,Recently flagged - suspicious history,Fraud
user_1821,Bill Payment,2658.93,05-05-2025 16:41,Desktop-Mac,"Singapore, SG",1,0,Regular user - consistent pattern,Not Fraud
user_4405,Password Change,0,23-07-2025 04:14,ATM,"Dubai, AE",7,0,Recently flagged - suspicious history,Fraud
user_7403,Password Change,0,06-07-2025 09:48,ATM,"Sao Paulo, BR",4,0,Occasional user - sporadic activity,Not Fraud
user_3511,Loan Application,15874.5,26-03-2025 00:01,Desktop-Mac,"Lagos, NG",1,0,Regular user - consistent pattern,Fraud
user_1359,Online Purchase,595.82,07-07-2025 12:28,POS-Terminal,"Chicago, US",6,1,Dormant account - reactivated,Not Fraud
user_8168,Add Beneficiary,0,06-06-2025 08:30,Desktop-Windows,"Sao Paulo, BR",2,2,Regular user - consistent pattern,Not Fraud
user_5554,Password Change,0,14-02-2025 09:05,Mobile-iOS,"Sao Paulo, BR",3,0,Consistent single-device user,Not Fraud
user_4850,Login,0,22-07-2025 09:45,Mobile-iOS,"New York, US",2,0,Regular user - consistent pattern,Not Fraud
user_8441,Bill Payment,2873.05,14-01-2025 16:08,Desktop-Windows,"Los Angeles, US",5,1,Recently flagged - suspicious history,Not Fraud
user_8578,Money Transfer,16642.36,07-05-2025 13:40,Desktop-Windows,"Dubai, AE",2,0,Occasional user - sporadic activity,Not Fraud
user_1819,Add Beneficiary,0,18-05-2025 11:34,ATM,Unknown Location,1,1,Occasional user - sporadic activity,Not Fraud
user_9286,Money Transfer,3638.58,30-05-2025 11:02,ATM,"Beijing, CN",2,1,Recently flagged - suspicious history,Not Fraud
user_9308,Bill Payment,2841.73,26-04-2025 13:40,Tablet,"Berlin, DE",1,0,Occasional user - sporadic activity,Not Fraud
user_2953,Wallet Top-up,1376.38,30-03-2025 14:15,POS-Terminal,"Lagos, NG",5,1,Regular user - consistent pattern,Not Fraud
user_8445,Login,0,27-06-2025 20:31,Mobile-Android,"Berlin, DE",7,0,Dormant account - reactivated,Not Fraud
user_5125,Password Change,0,15-08-2025 09:20,ATM,"Chicago, US",1,0,Consistent single-device user,Not Fraud
user_5170,Online Purchase,664.83,03-04-2025 13:10,ATM,"Toronto, CA",1,0,Multiple device switches,Not Fraud
user_5270,Loan Application,17587.45,19-02-2025 12:12,POS-Terminal,"Sao Paulo, BR",3,2,Frequent user - daily activity,Not Fraud
user_5823,ATM Withdrawal,226.98,09-05-2025 21:01,ATM,"Sydney, AU",2,0,Dormant account - reactivated,Not Fraud
user_5439,Card Swipe,20.2,07-06-2025 08:55,POS-Terminal,"Mumbai, IN",2,0,Dormant account - reactivated,Not Fraud
user_8343,Card Swipe,136.12,20-04-2025 17:11,POS-Terminal,"Beijing, CN",1,2,Dormant account - reactivated,Not Fraud
user_4820,ATM Withdrawal,100.64,23-07-2025 21:30,Mobile-iOS,"Chicago, US",2,0,Multiple device switches,Not Fraud
user_7543,Password Change,0,04-06-2025 14:09,Mobile-iOS,"New York, US",2,1,Occasional user - sporadic activity,Not Fraud
user_5683,Money Transfer,1473.15,16-04-2025 21:59,Mobile-iOS,"New York, US",3,0,Multiple device switches,Not Fraud
user_8141,Online Purchase,1392.5,15-04-2025 17:09,Mobile-iOS,"Dubai, AE",4,1,Occasional user - sporadic activity,Not Fraud
user_8069,Add Beneficiary,0,09-06-2025 06:42,Tablet,"New York, US",3,0,Frequent user - daily activity,Not Fraud
user_4654,Wallet Top-up,2282.05,17-05-2025 02:17,ATM,"Dubai, AE",4,0,New user - no history,Not Fraud
user_3487,Money Transfer,18997.65,11-07-2025 09:04,Desktop-Windows,"Sydney, AU",6,0,Dormant account - reactivated,Fraud
user_3517,Add Beneficiary,0,13-04-2025 14:34,Desktop-Windows,"Singapore, SG",1,0,Dormant account - reactivated,Not Fraud
user_9802,Login,0,04-02-2025 12:19,ATM,"Dubai, AE",1,1,Occasional user - sporadic activity,Not Fraud
user_9232,Card Swipe,226.7,22-03-2025 14:15,Tablet,"Mumbai, IN",4,0,Multiple device switches,Not Fraud
user_6092,Money Transfer,11936.08,18-06-2025 17:13,Mobile-iOS,"Chicago, US",1,3,Occasional user - sporadic activity,Not Fraud
user_2230,Online Purchase,553.15,14-03-2025 11:04,Mobile-iOS,"Moscow, RU",2,1,New user - no history,Not Fraud
user_8956,Wallet Top-up,2751.52,10-08-2025 15:55,Mobile-Android,"Los Angeles, US",5,0,Multiple device switches,Not Fraud
user_5549,Loan Application,13828.56,28-06-2025 07:10,Mobile-iOS,"Chicago, US",2,0,Multiple device switches,Fraud
user_7714,Login,0,30-06-2025 18:47,Mobile-Android,"Los Angeles, US",2,0,Occasional user - sporadic activity,Not Fraud
user_9912,Add Beneficiary,0,24-03-2025 09:06,POS-Terminal,"New York, US",5,0,Frequent user - daily activity,Not Fraud
user_1031,Password Change,0,17-04-2025 15:10,ATM,"Berlin, DE",1,1,Regular user - consistent pattern,Not Fraud
user_8390,Add Beneficiary,0,30-07-2025 14:27,Desktop-Mac,"Sao Paulo, BR",7,2,Occasional user - sporadic activity,Not Fraud
user_4388,Wallet Top-up,1830.19,22-02-2025 12:50,Mobile-iOS,"Dubai, AE",2,1,Dormant account - reactivated,Not Fraud
user_9885,Add Beneficiary,0,05-03-2025 09:29,Desktop-Mac,"Lagos, NG",8,0,New user - no history,Fraud
user_3540,Wallet Top-up,2374.35,05-06-2025 09:14,Mobile-iOS,"Los Angeles, US",2,0,Frequent user - daily activity,Not Fraud
user_4061,Card Swipe,371.21,03-05-2025 18:04,Desktop-Windows,"Sao Paulo, BR",4,3,Regular user - consistent pattern,Not Fraud
user_8901,Card Swipe,198.96,11-06-2025 16:27,POS-Terminal,"Mumbai, IN",3,0,New user - no history,Not Fraud
user_5052,Money Transfer,12442.34,30-01-2025 13:28,Desktop-Mac,"Singapore, SG",3,0,Multiple device switches,Fraud
user_9736,Online Purchase,1625.35,15-02-2025 11:42,POS-Terminal,"Beijing, CN",10,2,Occasional user - sporadic activity,Not Fraud
user_7174,Password Change,0,17-05-2025 17:52,Desktop-Mac,"Berlin, DE",3,0,New user - no history,Not Fraud
user_6303,Card Swipe,110.03,17-08-2025 16:37,Mobile-iOS,"Mumbai, IN",1,0,Multiple device switches,Not Fraud
user_8280,ATM Withdrawal,444.43,24-04-2025 15:38,Desktop-Windows,"Moscow, RU",1,0,Multiple device switches,Fraud
user_5989,Money Transfer,15301.17,06-01-2025 15:25,Tablet,"New York, US",4,0,Consistent single-device user,Not Fraud
user_5656,Add Beneficiary,0,25-07-2025 10:32,Tablet,"Berlin, DE",5,0,Consistent single-device user,Not Fraud
user_9503,Password Change,0,18-05-2025 09:46,ATM,"Sydney, AU",10,0,Regular user - consistent pattern,Not Fraud
user_5751,Password Change,0,19-06-2025 00:38,POS-Terminal,"Sydney, AU",2,0,Occasional user - sporadic activity,Not Fraud
user_1514,Bill Payment,1198.42,13-04-2025 22:02,Desktop-Windows,"Lagos, NG",6,0,Occasional user - sporadic activity,Not Fraud
user_9759,ATM Withdrawal,185.7,23-05-2025 07:14,Tablet,"Lagos, NG",1,1,Regular user - consistent pattern,Not Fraud
user_9861,Wallet Top-up,714.7,02-08-2025 15:30,ATM,"Sao Paulo, BR",1,0,Frequent user - daily activity,Not Fraud
user_3447,Card Swipe,396.27,24-02-2025 21:03,Mobile-Android,"Beijing, CN",4,1,Multiple device switches,Not Fraud
user_6830,Online Purchase,56.78,16-03-2025 23:22,Mobile-Android,"Lagos, NG",4,0,Consistent single-device user,Not Fraud
user_8077,Card Swipe,289.05,04-07-2025 14:30,Mobile-Android,"Beijing, CN",2,0,Regular user - consistent pattern,Not Fraud
user_8007,Password Change,0,01-03-2025 20:07,Desktop-Windows,Unknown Location,2,4,Occasional user - sporadic activity,Fraud
user_1708,Add Beneficiary,0,19-04-2025 13:42,Tablet,"Singapore, SG",2,3,Occasional user - sporadic activity,Not Fraud
user_7190,Bill Payment,2363.26,30-03-2025 08:20,Tablet,"Moscow, RU",6,0,Multiple device switches,Fraud
user_3962,Money Transfer,12199.32,12-06-2025 11:13,POS-Terminal,"Beijing, CN",2,0,Consistent single-device user,Not Fraud
user_8870,Add Beneficiary,0,21-07-2025 11:18,Desktop-Windows,"Mumbai, IN",1,0,Occasional user - sporadic activity,Not Fraud
user_4797,Wallet Top-up,679.55,05-02-2025 00:53,Desktop-Windows,"Mumbai, IN",2,0,Regular user - consistent pattern,Not Fraud
user_5081,Add Beneficiary,0,27-08-2025 08:11,ATM,"Los Angeles, US",4,0,Occasional user - sporadic activity,Not Fraud
user_9104,Bill Payment,1279.67,07-07-2025 10:41,Mobile-iOS,"Moscow, RU",3,1,Dormant account - reactivated,Fraud
user_6320,Bill Payment,546.93,04-08-2025 17:10,Desktop-Windows,"Chicago, US",5,0,New user - no history,Not Fraud
user_6368,Card Swipe,190.44,28-03-2025 06:04,Mobile-Android,"Sydney, AU",3,0,New user - no history,Not Fraud
user_6034,ATM Withdrawal,241.09,02-04-2025 18:40,ATM,"Chicago, US",2,0,Recently flagged - suspicious history,Not Fraud
user_8557,Money Transfer,7160.32,28-04-2025 11:51,Mobile-iOS,"London, UK",5,0,Regular user - consistent pattern,Not Fraud
user_4790,Card Swipe,260.17,16-05-2025 01:12,Mobile-iOS,"Delhi, IN",6,0,Frequent user - daily activity,Not Fraud
user_9538,Loan Application,19609.04,02-05-2025 12:02,Tablet,"Sydney, AU",1,3,New user - no history,Not Fraud
user_8862,Wallet Top-up,1428.28,22-04-2025 00:52,Mobile-iOS,"Toronto, CA",1,0,Consistent single-device user,Not Fraud
user_7694,Password Change,0,25-03-2025 19:13,POS-Terminal,"London, UK",5,1,Regular user - consistent pattern,Not Fraud
user_9386,Loan Application,17276.37,18-02-2025 11:43,Desktop-Windows,"Toronto, CA",2,0,Consistent single-device user,Not Fraud
user_7207,Bill Payment,1779.51,21-03-2025 12:59,Mobile-iOS,"Houston, US",2,0,Recently flagged - suspicious history,Not Fraud
user_8045,ATM Withdrawal,486.12,28-05-2025 11:39,Tablet,"Berlin, DE",3,0,Dormant account - reactivated,Not Fraud
user_1277,Wallet Top-up,2718.23,29-03-2025 19:43,Mobile-iOS,"Los Angeles, US",1,0,Recently flagged - suspicious history,Not Fraud
user_3788,ATM Withdrawal,201.03,13-05-2025 18:32,Desktop-Windows,"Moscow, RU",7,2,Consistent single-device user,Fraud
user_7073,Card Swipe,93.64,18-07-2025 21:23,Desktop-Mac,"Mumbai, IN",4,0,Occasional user - sporadic activity,Not Fraud
user_2821,Loan Application,1074.28,30-05-2025 08:28,Desktop-Mac,"Sao Paulo, BR",3,2,New user - no history,Not Fraud
user_5902,Wallet Top-up,1623.64,26-04-2025 16:58,Mobile-Android,"Bangalore, IN",7,1,Recently flagged - suspicious history,Not Fraud
user_6385,Money Transfer,15808.66,08-05-2025 19:13,ATM,"Singapore, SG",2,0,New user - no history,Not Fraud
user_3985,Online Purchase,1916.39,12-07-2025 09:32,Desktop-Mac,"Dubai, AE",1,0,Frequent user - daily activity,Not Fraud
user_9055,Wallet Top-up,243.96,03-01-2025 22:21,ATM,"New York, US",4,1,Occasional user - sporadic activity,Not Fraud
user_8295,Card Swipe,292.78,09-08-2025 12:09,Desktop-Mac,Unknown Location,3,0,Dormant account - reactivated,Not Fraud
user_6129,Wallet Top-up,1617.69,11-07-2025 00:46,Mobile-Android,"Berlin, DE",3,0,Multiple device switches,Not Fraud
user_2996,Loan Application,4860.57,08-08-2025 15:00,Tablet,"Chicago, US",3,0,Occasional user - sporadic activity,Not Fraud
user_6727,Money Transfer,4904.82,26-06-2025 12:36,Tablet,"Mumbai, IN",2,0,New user - no history,Not Fraud
user_1999,Bill Payment,901.51,18-01-2025 17:13,Desktop-Windows,Unknown Location,4,0,Frequent user - daily activity,Not Fraud
user_7587,Bill Payment,2745.46,11-05-2025 06:44,POS-Terminal,"Moscow, RU",3,0,Frequent user - daily activity,Not Fraud
user_1988,Login,0,12-08-2025 16:34,ATM,"Dubai, AE",2,0,Recently flagged - suspicious history,Not Fraud
user_5035,Money Transfer,13030.7,03-03-2025 20:52,Tablet,"Sydney, AU",1,0,New user - no history,Not Fraud
user_5032,Add Beneficiary,0,18-06-2025 22:39,Mobile-iOS,"Dubai, AE",6,0,Occasional user - sporadic activity,Not Fraud
user_1461,Bill Payment,1636.38,07-04-2025 12:49,Desktop-Mac,"New York, US",6,0,New user - no history,Not Fraud
user_5176,ATM Withdrawal,43.66,09-01-2025 17:26,Mobile-Android,"Moscow, RU",3,4,Dormant account - reactivated,Fraud
user_6484,Wallet Top-up,2617.22,01-08-2025 16:19,Desktop-Windows,"New York, US",2,0,Frequent user - daily activity,Not Fraud
user_9959,Login,0,09-03-2025 08:13,Mobile-iOS,"Sydney, AU",1,0,New user - no history,Not Fraud
user_5246,ATM Withdrawal,232.11,01-06-2025 14:37,Desktop-Windows,"Berlin, DE",7,0,Regular user - consistent pattern,Not Fraud
user_9114,Add Beneficiary,0,23-08-2025 10:48,POS-Terminal,"Dubai, AE",3,1,Regular user - consistent pattern,Not Fraud
user_3845,Bill Payment,1519.44,11-05-2025 18:17,Desktop-Mac,"Berlin, DE",6,1,Dormant account - reactivated,Not Fraud
user_4885,Password Change,0,04-02-2025 14:57,ATM,"Sydney, AU",2,2,Regular user - consistent pattern,Not Fraud
user_2963,Money Transfer,15163.3,18-07-2025 19:52,POS-Terminal,"Berlin, DE",1,0,Frequent user - daily activity,Not Fraud
user_9255,Wallet Top-up,2703.93,01-05-2025 14:13,Desktop-Mac,"Beijing, CN",2,0,Frequent user - daily activity,Not Fraud
user_7630,ATM Withdrawal,382.88,25-01-2025 13:53,Mobile-iOS,"Sao Paulo, BR",3,0,New user - no history,Not Fraud
user_4162,Wallet Top-up,2478.58,20-05-2025 20:01,Mobile-iOS,"Delhi, IN",2,1,Regular user - consistent pattern,Not Fraud
user_2111,Bill Payment,2587.76,09-01-2025 10:05,POS-Terminal,"Beijing, CN",2,0,Recently flagged - suspicious history,Not Fraud
user_2086,Login,0,26-06-2025 04:44,Tablet,"Dubai, AE",1,0,Occasional user - sporadic activity,Not Fraud
user_2233,Login,0,21-03-2025 16:45,Mobile-Android,"Kolkata, IN",7,0,Recently flagged - suspicious history,Not Fraud
user_1461,Loan Application,14617.29,10-04-2025 15:09,Desktop-Windows,"Singapore, SG",3,0,Occasional user - sporadic activity,Not Fraud
user_2280,Card Swipe,422.57,04-01-2025 19:11,Desktop-Windows,"Dubai, AE",3,1,Occasional user - sporadic activity,Not Fraud
user_2633,Money Transfer,10694.71,20-03-2025 16:02,Desktop-Mac,"Sydney, AU",1,0,Regular user - consistent pattern,Not Fraud
user_1196,Bill Payment,1640.74,15-01-2025 13:41,Mobile-iOS,"Berlin, DE",1,0,Frequent user - daily activity,Not Fraud
user_7784,Bill Payment,214.88,30-05-2025 12:26,Mobile-Android,"New York, US",2,0,Regular user - consistent pattern,Not Fraud
user_4987,Bill Payment,1003.95,24-07-2025 19:00,Desktop-Mac,"Houston, US",2,0,Regular user - consistent pattern,Not Fraud
user_3812,Bill Payment,285.1,25-05-2025 09:52,Mobile-Android,"Sao Paulo, BR",2,0,Multiple device switches,Not Fraud
user_2965,Login,0,11-08-2025 19:16,POS-Terminal,"Berlin, DE",4,1,Consistent single-device user,Not Fraud
user_3739,Wallet Top-up,2424.19,02-01-2025 22:30,Desktop-Mac,"London, UK",1,0,Occasional user - sporadic activity,Not Fraud
user_5940,ATM Withdrawal,429.85,03-04-2025 21:08,Mobile-iOS,"Los Angeles, US",2,0,Occasional user - sporadic activity,Not Fraud
user_5421,Money Transfer,2881.23,06-07-2025 18:59,Mobile-Android,"Lagos, NG",2,2,Consistent single-device user,Not Fraud
user_1370,Online Purchase,2024.84,22-03-2025 12:40,Mobile-Android,"London, UK",1,0,Consistent single-device user,Not Fraud
user_1394,Bill Payment,814.69,30-05-2025 11:44,Tablet,"Mumbai, IN",2,0,New user - no history,Not Fraud
user_6237,Wallet Top-up,1746.42,21-04-2025 19:10,Tablet,"Singapore, SG",10,1,Multiple device switches,Fraud
user_8011,Wallet Top-up,2025.02,16-01-2025 08:29,Mobile-Android,"Sydney, AU",1,0,Regular user - consistent pattern,Not Fraud
user_8181,Wallet Top-up,2929.38,09-01-2025 23:07,Desktop-Mac,"Toronto, CA",5,0,Multiple device switches,Fraud
user_1714,Login,0,15-07-2025 12:47,Tablet,Unknown Location,4,3,Frequent user - daily activity,Not Fraud
user_4233,Password Change,0,10-03-2025 23:17,Tablet,"Bangalore, IN",2,4,Occasional user - sporadic activity,Fraud
user_9647,Add Beneficiary,0,07-02-2025 11:27,POS-Terminal,"Dubai, AE",1,5,Frequent user - daily activity,Not Fraud
user_3431,Login,0,13-08-2025 11:21,Mobile-iOS,"Berlin, DE",1,0,Multiple device switches,Not Fraud
user_5779,Add Beneficiary,0,06-06-2025 13:37,Mobile-Android,"New York, US",2,1,New user - no history,Not Fraud
user_7655,Login,0,24-01-2025 00:54,Desktop-Mac,"Lagos, NG",4,0,Frequent user - daily activity,Not Fraud
user_9101,Online Purchase,2801.79,17-05-2025 18:37,ATM,"Lagos, NG",2,1,Regular user - consistent pattern,Not Fraud
user_1145,Wallet Top-up,2386.49,22-01-2025 11:34,ATM,"Singapore, SG",2,0,Recently flagged - suspicious history,Not Fraud
user_5013,Login,0,28-07-2025 03:58,ATM,"Kolkata, IN",2,1,Frequent user - daily activity,Not Fraud
user_2945,Money Transfer,14474.1,26-08-2025 10:28,Mobile-Android,"Sydney, AU",1,0,Dormant account - reactivated,Not Fraud
user_9212,Bill Payment,2278.89,05-01-2025 22:19,Mobile-iOS,"Moscow, RU",5,1,New user - no history,Not Fraud
user_4333,Password Change,0,16-04-2025 18:17,Mobile-Android,"Bangalore, IN",2,0,Recently flagged - suspicious history,Not Fraud
user_7626,Add Beneficiary,0,25-01-2025 13:45,Mobile-Android,"Lagos, NG",1,0,Regular user - consistent pattern,Not Fraud
user_2500,Wallet Top-up,460.86,25-04-2025 08:14,Tablet,Unknown Location,1,0,Multiple device switches,Fraud
user_6679,Wallet Top-up,2662.29,20-08-2025 14:44,Mobile-iOS,"Bangalore, IN",4,0,Frequent user - daily activity,Not Fraud
user_6104,Bill Payment,2853.35,03-01-2025 09:29,Desktop-Windows,"Los Angeles, US",3,5,Occasional user - sporadic activity,Not Fraud
user_6439,Money Transfer,11001.59,15-02-2025 17:04,ATM,"Moscow, RU",2,0,Recently flagged - suspicious history,Fraud
user_2874,Login,0,26-02-2025 04:38,Mobile-Android,"London, UK",2,0,Occasional user - sporadic activity,Not Fraud
user_3348,Card Swipe,52.47,21-08-2025 07:56,Mobile-iOS,"Houston, US",6,0,Multiple device switches,Not Fraud
user_6748,Money Transfer,2545.61,03-07-2025 16:16,Desktop-Windows,"New York, US",4,0,Dormant account - reactivated,Not Fraud
user_5236,ATM Withdrawal,197.1,17-06-2025 02:56,Mobile-iOS,"Singapore, SG",9,0,Frequent user - daily activity,Not Fraud
user_7272,Login,0,02-03-2025 07:05,Mobile-Android,"Mumbai, IN",4,1,Frequent user - daily activity,Not Fraud
user_9057,Bill Payment,782.12,06-05-2025 11:26,Desktop-Mac,"Sydney, AU",1,0,New user - no history,Not Fraud
user_8517,Bill Payment,1185.75,05-08-2025 23:32,Desktop-Mac,"Sao Paulo, BR",2,0,Multiple device switches,Not Fraud
user_3130,ATM Withdrawal,491.95,24-04-2025 22:39,Desktop-Mac,"Dubai, AE",2,2,Recently flagged - suspicious history,Not Fraud
user_5807,Card Swipe,238.87,16-01-2025 06:10,POS-Terminal,"Houston, US",1,0,New user - no history,Not Fraud
user_5969,Wallet Top-up,1699.05,02-03-2025 23:09,Desktop-Windows,"Dubai, AE",5,0,Recently flagged - suspicious history,Fraud
user_7199,Wallet Top-up,461.32,22-07-2025 07:05,POS-Terminal,"Bangalore, IN",1,1,Dormant account - reactivated,Not Fraud
user_6847,ATM Withdrawal,291.67,26-06-2025 09:25,Desktop-Windows,"Berlin, DE",3,0,New user - no history,Not Fraud
user_9078,Online Purchase,1642.37,05-03-2025 06:09,Mobile-Android,"Dubai, AE",2,0,Dormant account - reactivated,Not Fraud
user_9199,Wallet Top-up,2419.84,12-03-2025 17:33,Tablet,"Berlin, DE",2,5,Multiple device switches,Not Fraud
user_6690,Money Transfer,16340.35,11-02-2025 23:11,ATM,"Singapore, SG",2,1,Recently flagged - suspicious history,Fraud
user_4055,Online Purchase,2590.25,21-03-2025 07:25,Tablet,"Sao Paulo, BR",2,0,Frequent user - daily activity,Not Fraud
user_9277,Add Beneficiary,0,11-02-2025 03:03,Mobile-Android,"Kolkata, IN",1,0,Regular user - consistent pattern,Not Fraud
user_1531,Login,0,02-05-2025 09:58,ATM,"Chicago, US",1,1,New user - no history,Not Fraud
user_8645,Wallet Top-up,1247.75,11-06-2025 18:06,ATM,"Delhi, IN",7,1,Dormant account - reactivated,Not Fraud
user_1834,Wallet Top-up,778.82,12-06-2025 15:18,Desktop-Mac,"Dubai, AE",2,0,Regular user - consistent pattern,Not Fraud
user_2262,Online Purchase,2874.82,12-02-2025 11:21,POS-Terminal,"Chicago, US",2,0,Consistent single-device user,Not Fraud
user_1056,Card Swipe,77.42,03-07-2025 13:48,Mobile-iOS,"Bangalore, IN",7,0,Regular user - consistent pattern,Not Fraud
user_9388,Money Transfer,15594.98,03-02-2025 13:53,Mobile-iOS,"Beijing, CN",6,0,Multiple device switches,Fraud
user_8882,Card Swipe,389.7,03-08-2025 14:31,Mobile-iOS,"New York, US",6,0,New user - no history,Not Fraud
user_3982,ATM Withdrawal,278.04,04-04-2025 17:45,ATM,"Mumbai, IN",5,0,Regular user - consistent pattern,Not Fraud
user_5208,ATM Withdrawal,105.14,12-04-2025 18:13,Mobile-iOS,"Houston, US",5,0,Regular user - consistent pattern,Not Fraud
user_7265,Wallet Top-up,1060.47,01-05-2025 13:25,Mobile-Android,"Delhi, IN",2,1,New user - no history,Not Fraud
user_5028,Loan Application,17001.6,11-07-2025 21:23,Mobile-iOS,"Los Angeles, US",1,0,Multiple device switches,Fraud
user_3378,Add Beneficiary,0,03-01-2025 06:30,Mobile-iOS,"Houston, US",1,3,Recently flagged - suspicious history,Not Fraud
user_5621,Online Purchase,2109.93,10-08-2025 17:39,Mobile-iOS,"Lagos, NG",1,2,New user - no history,Not Fraud
user_1386,Login,0,19-04-2025 11:06,Tablet,"Berlin, DE",1,0,Frequent user - daily activity,Not Fraud
user_7034,Money Transfer,7572.29,02-07-2025 17:48,Tablet,"Kolkata, IN",3,0,Frequent user - daily activity,Not Fraud
user_6406,Online Purchase,933.03,05-01-2025 07:00,ATM,"Chicago, US",4,3,Multiple device switches,Not Fraud
user_3547,Card Swipe,257.73,08-08-2025 19:50,Mobile-Android,"Toronto, CA",1,0,New user - no history,Not Fraud
user_8357,Card Swipe,171.46,06-04-2025 07:14,ATM,"Lagos, NG",2,0,Recently flagged - suspicious history,Not Fraud
user_7166,Login,0,29-04-2025 18:51,Mobile-iOS,"London, UK",2,0,Recently flagged - suspicious history,Not Fraud
user_7058,ATM Withdrawal,217.2,02-04-2025 13:09,Mobile-Android,"Bangalore, IN",1,0,Consistent single-device user,Not Fraud
user_5318,Card Swipe,270.46,20-06-2025 16:14,POS-Terminal,"Los Angeles, US",1,0,Frequent user - daily activity,Not Fraud
user_1261,Bill Payment,2666.56,19-03-2025 11:04,Tablet,"Dubai, AE",4,1,Multiple device switches,Not Fraud
user_3830,Password Change,0,25-06-2025 10:48,Tablet,"Delhi, IN",1,0,Recently flagged - suspicious history,Not Fraud
user_7825,Add Beneficiary,0,17-06-2025 10:00,Desktop-Mac,"Beijing, CN",1,3,Frequent user - daily activity,Not Fraud
user_4411,Wallet Top-up,2900.85,05-02-2025 12:26,Desktop-Windows,"Moscow, RU",1,0,Consistent single-device user,Not Fraud
user_1853,Add Beneficiary,0,24-07-2025 20:44,Desktop-Windows,"Sydney, AU",7,5,Frequent user - daily activity,Not Fraud
user_1942,Password Change,0,08-03-2025 18:49,Mobile-Android,"Mumbai, IN",1,0,Occasional user - sporadic activity,Not Fraud
user_7850,Money Transfer,19142.01,20-04-2025 11:54,Desktop-Windows,"Berlin, DE",2,1,Dormant account - reactivated,Not Fraud
user_8376,Login,0,14-08-2025 18:32,Desktop-Mac,"Sydney, AU",2,0,Multiple device switches,Not Fraud
user_1452,Online Purchase,2494.36,16-02-2025 14:09,Desktop-Mac,"Houston, US",2,2,Consistent single-device user,Not Fraud
user_3953,Login,0,07-02-2025 17:11,Desktop-Mac,"Los Angeles, US",4,2,Dormant account - reactivated,Not Fraud
user_7978,Loan Application,2457.81,15-01-2025 13:27,ATM,"Toronto, CA",3,0,New user - no history,Not Fraud
user_5394,Wallet Top-up,1215.42,14-02-2025 15:02,Mobile-Android,"Dubai, AE",8,0,Occasional user - sporadic activity,Not Fraud
user_7770,Loan Application,15904.53,17-02-2025 00:56,POS-Terminal,"Delhi, IN",2,0,Multiple device switches,Fraud
user_1414,Money Transfer,9039.01,24-08-2025 20:48,Mobile-iOS,"Berlin, DE",1,3,Consistent single-device user,Not Fraud
user_6610,Login,0,20-02-2025 22:18,Mobile-iOS,"Houston, US",5,0,Recently flagged - suspicious history,Not Fraud
user_4667,Money Transfer,17267.36,20-07-2025 13:36,Desktop-Mac,"Bangalore, IN",1,0,Frequent user - daily activity,Not Fraud
user_1532,Add Beneficiary,0,16-01-2025 18:20,Mobile-iOS,"Singapore, SG",3,0,Dormant account - reactivated,Not Fraud
user_4587,Loan Application,4536.08,07-05-2025 13:10,Mobile-iOS,"Lagos, NG",1,2,New user - no history,Fraud
user_4640,Password Change,0,25-05-2025 16:19,ATM,"Delhi, IN",1,0,Multiple device switches,Not Fraud
user_7473,Password Change,0,12-02-2025 19:29,Tablet,"Moscow, RU",2,0,Consistent single-device user,Not Fraud
user_7121,Login,0,08-08-2025 13:00,Tablet,"Bangalore, IN",5,0,Consistent single-device user,Not Fraud
user_1355,Bill Payment,138.56,27-01-2025 00:45,Tablet,"Kolkata, IN",5,0,Occasional user - sporadic activity,Not Fraud
user_7085,ATM Withdrawal,442.24,08-03-2025 10:02,Tablet,"Lagos, NG",1,0,Occasional user - sporadic activity,Not Fraud
user_5051,Online Purchase,524.07,18-01-2025 22:15,Mobile-Android,"Chicago, US",2,1,Dormant account - reactivated,Not Fraud
user_2859,Loan Application,17700.49,26-03-2025 10:21,ATM,"Sao Paulo, BR",6,0,Multiple device switches,Fraud
user_9262,Wallet Top-up,2426.57,09-06-2025 10:50,Mobile-iOS,"Sao Paulo, BR",1,2,Recently flagged - suspicious history,Not Fraud
user_7457,Bill Payment,1778.33,07-01-2025 08:51,Desktop-Windows,"Lagos, NG",4,5,Frequent user - daily activity,Not Fraud
user_3069,ATM Withdrawal,378.8,15-01-2025 07:56,Desktop-Mac,"Berlin, DE",4,0,Occasional user - sporadic activity,Not Fraud
user_2931,Bill Payment,731.97,04-05-2025 14:12,Desktop-Mac,"Toronto, CA",2,0,Regular user - consistent pattern,Not Fraud
user_3986,Loan Application,15508.74,22-02-2025 10:05,Desktop-Mac,"Mumbai, IN",9,0,Occasional user - sporadic activity,Not Fraud
user_7480,Card Swipe,47.25,01-03-2025 10:30,POS-Terminal,"Delhi, IN",7,2,Recently flagged - suspicious history,Not Fraud
user_6218,Bill Payment,2005,06-03-2025 14:58,Desktop-Mac,"Los Angeles, US",6,1,Multiple device switches,Not Fraud
user_8349,Online Purchase,84.22,09-07-2025 15:10,Tablet,"Singapore, SG",2,0,Regular user - consistent pattern,Not Fraud
user_2028,Password Change,0,01-04-2025 17:55,Mobile-Android,"Toronto, CA",1,1,Occasional user - sporadic activity,Not Fraud
user_5907,Online Purchase,2000.24,05-05-2025 03:54,Tablet,"Bangalore, IN",1,0,Occasional user - sporadic activity,Not Fraud
user_3151,Bill Payment,2912.39,29-07-2025 14:15,Desktop-Windows,"Moscow, RU",3,1,New user - no history,Not Fraud
user_3954,Login,0,07-05-2025 11:34,Mobile-Android,"Delhi, IN",3,2,Frequent user - daily activity,Not Fraud
user_3787,Loan Application,11811.88,02-04-2025 15:22,ATM,"Moscow, RU",1,0,Recently flagged - suspicious history,Fraud
user_5504,Login,0,09-05-2025 20:21,ATM,"Berlin, DE",4,0,Occasional user - sporadic activity,Not Fraud
user_8163,Card Swipe,76.14,11-05-2025 18:01,Desktop-Windows,"Delhi, IN",1,0,Occasional user - sporadic activity,Not Fraud
user_5999,Online Purchase,2587.48,06-04-2025 16:20,Mobile-Android,"Berlin, DE",2,0,Occasional user - sporadic activity,Not Fraud
user_1141,Money Transfer,10689.01,28-08-2025 11:50,POS-Terminal,"Delhi, IN",4,5,Consistent single-device user,Not Fraud
user_7736,Online Purchase,1769,04-01-2025 10:11,Mobile-Android,"Dubai, AE",1,0,Recently flagged - suspicious history,Not Fraud
user_3867,Loan Application,278.32,17-04-2025 00:44,Desktop-Mac,"Houston, US",3,0,Multiple device switches,Not Fraud
user_1004,ATM Withdrawal,460.09,14-01-2025 20:52,Tablet,"Mumbai, IN",1,0,Recently flagged - suspicious history,Not Fraud
user_4794,Loan Application,1543.68,26-02-2025 18:05,Mobile-iOS,"Mumbai, IN",1,0,Occasional user - sporadic activity,Not Fraud
user_5880,Card Swipe,55.89,07-08-2025 22:14,Mobile-Android,"Beijing, CN",2,0,Occasional user - sporadic activity,Not Fraud
user_6248,Add Beneficiary,0,25-06-2025 10:07,POS-Terminal,"Delhi, IN",5,0,Multiple device switches,Not Fraud
user_7404,ATM Withdrawal,117.01,04-01-2025 14:22,Tablet,"Mumbai, IN",2,0,Multiple device switches,Not Fraud
user_3402,Online Purchase,2021.52,20-02-2025 09:55,ATM,"Delhi, IN",1,3,Recently flagged - suspicious history,Not Fraud
user_2526,Add Beneficiary,0,26-01-2025 11:12,Desktop-Mac,"Mumbai, IN",6,0,Frequent user - daily activity,Not Fraud
user_3927,Card Swipe,240.24,03-05-2025 20:33,Desktop-Mac,"Singapore, SG",4,0,Frequent user - daily activity,Not Fraud
user_5789,Bill Payment,1872.91,20-04-2025 02:17,ATM,"Los Angeles, US",2,0,Consistent single-device user,Not Fraud
user_2417,Card Swipe,313.66,28-06-2025 15:11,Mobile-iOS,"New York, US",1,0,Consistent single-device user,Not Fraud
user_5368,ATM Withdrawal,48.11,30-03-2025 14:14,Desktop-Mac,"Berlin, DE",4,0,Multiple device switches,Not Fraud
user_5186,Card Swipe,289.43,12-08-2025 23:10,Desktop-Windows,"Berlin, DE",2,0,Occasional user - sporadic activity,Not Fraud
user_1679,ATM Withdrawal,347.23,07-07-2025 09:33,POS-Terminal,"London, UK",3,4,Regular user - consistent pattern,Not Fraud
user_6552,Online Purchase,1505.08,04-05-2025 11:56,POS-Terminal,Tor Exit Node,1,0,Recently flagged - suspicious history,Fraud
user_6263,Loan Application,12087.95,19-07-2025 19:02,Mobile-iOS,"Bangalore, IN",1,1,Regular user - consistent pattern,Not Fraud
user_9007,Add Beneficiary,0,27-04-2025 18:18,Tablet,"Kolkata, IN",2,0,Consistent single-device user,Not Fraud
user_2349,Wallet Top-up,2258.56,13-08-2025 19:54,Desktop-Mac,"London, UK",2,0,Multiple device switches,Not Fraud
user_7621,Wallet Top-up,2774.23,05-04-2025 21:50,POS-Terminal,"Toronto, CA",3,0,Regular user - consistent pattern,Not Fraud
user_3443,Card Swipe,242.94,29-01-2025 17:36,Mobile-Android,"Berlin, DE",2,0,Consistent single-device user,Not Fraud
user_7308,Login,0,16-04-2025 11:15,ATM,"Singapore, SG",1,2,Frequent user - daily activity,Not Fraud
user_8277,ATM Withdrawal,458.27,07-01-2025 15:15,Desktop-Mac,"Bangalore, IN",2,0,Multiple device switches,Not Fraud
user_2970,Wallet Top-up,2799.38,16-04-2025 09:11,ATM,"Bangalore, IN",3,0,New user - no history,Not Fraud
user_1264,Wallet Top-up,1359.11,25-02-2025 16:27,Tablet,"Berlin, DE",3,2,Regular user - consistent pattern,Not Fraud
user_7794,Online Purchase,917.52,27-06-2025 19:44,Tablet,"Singapore, SG",2,0,Multiple device switches,Not Fraud
user_6286,Login,0,27-05-2025 19:40,Mobile-iOS,"Chicago, US",1,0,Recently flagged - suspicious history,Not Fraud
user_7923,Money Transfer,10924.05,08-01-2025 12:46,Desktop-Mac,"Delhi, IN",1,0,New user - no history,Not Fraud
user_3668,Loan Application,18622.1,02-05-2025 17:56,Mobile-iOS,Tor Exit Node,3,0,New user - no history,Fraud
user_9790,Bill Payment,1474.16,24-03-2025 15:26,ATM,"Houston, US",5,0,Consistent single-device user,Not Fraud
user_9747,Add Beneficiary,0,09-03-2025 19:19,Mobile-iOS,"Delhi, IN",1,0,Frequent user - daily activity,Not Fraud
user_4889,Password Change,0,27-06-2025 11:40,Mobile-Android,"Chicago, US",2,0,Multiple device switches,Not Fraud
user_3943,Money Transfer,12357.76,01-01-2025 19:28,Desktop-Windows,"London, UK",3,0,Recently flagged - suspicious history,Not Fraud
user_9398,ATM Withdrawal,332.76,07-02-2025 10:03,ATM,"Singapore, SG",3,1,Consistent single-device user,Not Fraud
user_2829,Add Beneficiary,0,02-01-2025 13:55,Desktop-Mac,"Moscow, RU",8,0,Frequent user - daily activity,Not Fraud
user_6631,Wallet Top-up,1741.8,14-01-2025 18:57,Mobile-Android,"Delhi, IN",5,2,Occasional user - sporadic activity,Not Fraud
user_2526,Password Change,0,12-01-2025 00:28,Mobile-Android,"Bangalore, IN",7,4,Multiple device switches,Fraud
user_8311,Login,0,19-05-2025 09:32,Mobile-Android,"Sydney, AU",6,4,New user - no history,Not Fraud
user_3461,Wallet Top-up,500.99,16-06-2025 22:35,ATM,"Berlin, DE",5,2,Dormant account - reactivated,Not Fraud
user_1315,Card Swipe,82.18,25-05-2025 14:37,Mobile-iOS,"Moscow, RU",2,0,New user - no history,Not Fraud
user_9844,Login,0,29-01-2025 12:37,POS-Terminal,"Moscow, RU",6,2,Occasional user - sporadic activity,Not Fraud
user_7654,Add Beneficiary,0,16-05-2025 08:35,Mobile-iOS,"Dubai, AE",1,0,Regular user - consistent pattern,Not Fraud
user_7902,Online Purchase,2019.19,25-02-2025 20:17,Desktop-Windows,"Berlin, DE",2,1,Recently flagged - suspicious history,Not Fraud
user_9551,Card Swipe,451,11-07-2025 06:00,Desktop-Windows,"Berlin, DE",7,0,Occasional user - sporadic activity,Not Fraud
user_4521,Add Beneficiary,0,29-08-2025 15:37,Mobile-iOS,"Kolkata, IN",2,0,Occasional user - sporadic activity,Not Fraud
user_5362,Loan Application,9054.42,16-01-2025 19:59,Mobile-iOS,"Moscow, RU",3,0,Occasional user - sporadic activity,Not Fraud
user_4969,Add Beneficiary,0,17-08-2025 11:54,POS-Terminal,"Toronto, CA",2,0,Multiple device switches,Not Fraud
user_9212,Money Transfer,14013.25,19-07-2025 19:50,Desktop-Windows,"Beijing, CN",9,2,Recently flagged - suspicious history,Fraud
user_9958,Bill Payment,360.98,08-05-2025 20:36,Mobile-iOS,"Sydney, AU",1,1,Multiple device switches,Not Fraud
user_4237,Bill Payment,696.31,29-04-2025 01:25,Tablet,"Berlin, DE",9,0,New user - no history,Not Fraud
user_6085,Loan Application,16341.1,20-06-2025 22:54,Mobile-iOS,"Chicago, US",1,0,Multiple device switches,Fraud
user_3716,Add Beneficiary,0,09-04-2025 15:08,Desktop-Mac,"Delhi, IN",8,3,Multiple device switches,Fraud
user_4098,Password Change,0,16-08-2025 12:37,Tablet,"Beijing, CN",1,3,Frequent user - daily activity,Not Fraud
user_8822,Add Beneficiary,0,07-05-2025 15:29,Desktop-Mac,"Moscow, RU",2,1,Regular user - consistent pattern,Not Fraud
user_2989,Online Purchase,768.15,26-07-2025 09:33,Desktop-Windows,"Singapore, SG",5,0,Frequent user - daily activity,Not Fraud
user_9648,Online Purchase,2928.26,14-04-2025 15:09,Mobile-Android,"New York, US",6,0,Regular user - consistent pattern,Not Fraud
user_7535,Bill Payment,2521.03,20-03-2025 17:04,POS-Terminal,"Beijing, CN",1,0,Recently flagged - suspicious history,Not Fraud
user_2158,Online Purchase,905.05,28-05-2025 00:33,Desktop-Mac,"Toronto, CA",6,2,Consistent single-device user,Not Fraud
user_1543,Loan Application,12277.31,21-06-2025 13:20,Desktop-Mac,"Toronto, CA",4,1,Occasional user - sporadic activity,Not Fraud
user_1186,Password Change,0,08-02-2025 16:45,Mobile-Android,"Sydney, AU",1,2,Regular user - consistent pattern,Not Fraud
user_7989,Add Beneficiary,0,09-06-2025 16:51,Desktop-Windows,"Lagos, NG",3,0,Regular user - consistent pattern,Not Fraud
user_7591,Wallet Top-up,399.47,04-04-2025 00:30,Mobile-iOS,"Moscow, RU",1,0,Multiple device switches,Fraud
user_9621,Add Beneficiary,0,13-07-2025 15:30,ATM,"Beijing, CN",4,4,Recently flagged - suspicious history,Not Fraud
user_6072,Online Purchase,2387.23,01-07-2025 11:16,Mobile-iOS,"Toronto, CA",8,1,Consistent single-device user,Not Fraud
user_6173,Add Beneficiary,0,06-05-2025 07:03,Desktop-Mac,"Houston, US",1,0,Dormant account - reactivated,Not Fraud
user_4698,Add Beneficiary,0,19-06-2025 06:36,Mobile-iOS,"Kolkata, IN",1,0,New user - no history,Not Fraud
user_4248,Wallet Top-up,1455.42,18-03-2025 09:02,POS-Terminal,"Houston, US",1,5,Recently flagged - suspicious history,Fraud
user_5695,Wallet Top-up,1828.76,07-01-2025 18:31,Desktop-Mac,"Sao Paulo, BR",2,2,Frequent user - daily activity,Not Fraud
user_2076,Login,0,24-03-2025 17:30,Mobile-Android,"Berlin, DE",3,1,Regular user - consistent pattern,Not Fraud
user_6853,Money Transfer,9692.26,10-08-2025 10:42,Tablet,"Lagos, NG",1,0,Frequent user - daily activity,Not Fraud
user_2202,Wallet Top-up,2385.38,20-05-2025 14:22,POS-Terminal,"Los Angeles, US",4,0,Consistent single-device user,Not Fraud
user_5444,Loan Application,7878.39,30-01-2025 12:38,Desktop-Mac,"New York, US",2,0,Regular user - consistent pattern,Not Fraud
user_1185,Loan Application,4954.31,21-03-2025 19:00,Desktop-Windows,"Singapore, SG",1,0,Regular user - consistent pattern,Not Fraud
user_9944,Bill Payment,538.74,23-02-2025 19:01,Tablet,"Delhi, IN",4,1,Regular user - consistent pattern,Not Fraud
user_9912,Wallet Top-up,1201.02,10-07-2025 22:40,Mobile-Android,"Beijing, CN",2,0,Multiple device switches,Not Fraud
user_6536,Money Transfer,19417.98,01-07-2025 12:44,Tablet,"Houston, US",1,0,Multiple device switches,Not Fraud
user_4110,Loan Application,19709.8,09-05-2025 11:54,Tablet,"Singapore, SG",4,2,Consistent single-device user,Fraud
user_8912,Login,0,03-07-2025 15:02,Mobile-Android,"Moscow, RU",3,0,Recently flagged - suspicious history,Not Fraud
user_2505,Online Purchase,2043.84,07-04-2025 21:51,Mobile-Android,"Los Angeles, US",2,0,Regular user - consistent pattern,Not Fraud
user_4948,Bill Payment,1976.13,09-01-2025 07:41,Desktop-Windows,"Kolkata, IN",4,1,Occasional user - sporadic activity,Not Fraud
user_1296,Password Change,0,23-06-2025 10:57,Mobile-Android,"Bangalore, IN",8,0,Recently flagged - suspicious history,Not Fraud
user_9713,Bill Payment,2756.01,12-07-2025 20:05,Mobile-Android,"Toronto, CA",4,2,Dormant account - reactivated,Not Fraud
user_5461,Add Beneficiary,0,10-04-2025 20:31,Desktop-Mac,"Chicago, US",2,0,Multiple device switches,Not Fraud
user_6952,Online Purchase,2928.79,09-07-2025 08:24,Tablet,"Toronto, CA",1,0,Consistent single-device user,Not Fraud
user_9469,Add Beneficiary,0,14-01-2025 03:59,Desktop-Mac,"London, UK",2,0,Regular user - consistent pattern,Not Fraud
user_1721,Bill Payment,2194.15,12-06-2025 20:05,Desktop-Mac,"London, UK",1,0,New user - no history,Not Fraud
user_4544,Loan Application,923.84,26-07-2025 07:10,POS-Terminal,"London, UK",1,0,Regular user - consistent pattern,Not Fraud
user_5297,Password Change,0,28-04-2025 08:12,ATM,"Mumbai, IN",2,0,Frequent user - daily activity,Not Fraud
user_4058,Add Beneficiary,0,17-05-2025 02:39,Desktop-Mac,"New York, US",5,0,Consistent single-device user,Not Fraud
user_6270,ATM Withdrawal,407.55,12-01-2025 23:37,Desktop-Windows,"Toronto, CA",3,0,Recently flagged - suspicious history,Not Fraud
user_4688,Wallet Top-up,276.24,31-01-2025 15:40,POS-Terminal,"Lagos, NG",2,0,Frequent user - daily activity,Not Fraud
user_5636,Password Change,0,10-08-2025 12:25,Mobile-iOS,"Moscow, RU",3,0,Consistent single-device user,Not Fraud
